ISO-10303-21;
HEADER;
FILE_DESCRIPTION(('FreeCAD Model'),'2;1');
FILE_NAME('Open CASCADE Shape Model','2026-08-24T10:34:26',(''),(''),
  'Open CASCADE STEP processor 7.8','FreeCAD','Unknown');
FILE_SCHEMA(('AUTOMOTIVE_DESIGN { 1 0 10303 214 1 1 1 1 }'));
ENDSEC;
DATA;
#1 = APPLICATION_PROTOCOL_DEFINITION('international standard',
  'automotive_design',2000,#2);
#2 = APPLICATION_CONTEXT(
  'core data for automotive mechanical design processes');
#3 = SHAPE_DEFINITION_REPRESENTATION(#4,#10);
#4 = PRODUCT_DEFINITION_SHAPE('','',#5);
#5 = PRODUCT_DEFINITION('design','',#6,#9);
#6 = PRODUCT_DEFINITION_FORMATION('','',#7);
#7 = PRODUCT('Unnamed','Unnamed','',(#8));
#8 = PRODUCT_CONTEXT('',#2,'mechanical');
#9 = PRODUCT_DEFINITION_CONTEXT('part definition',#2,'design');
#10 = SHAPE_REPRESENTATION('',(#11,#15,#19,#23,#27,#31,#35),#39);
#11 = AXIS2_PLACEMENT_3D('',#12,#13,#14);
#12 = CARTESIAN_POINT('',(0.,0.,0.));
#13 = DIRECTION('',(0.,0.,1.));
#14 = DIRECTION('',(1.,0.,-0.));
#15 = AXIS2_PLACEMENT_3D('',#16,#17,#18);
#16 = CARTESIAN_POINT('',(0.,0.,0.));
#17 = DIRECTION('',(0.,0.,1.));
#18 = DIRECTION('',(1.,0.,0.));
#19 = AXIS2_PLACEMENT_3D('',#20,#21,#22);
#20 = CARTESIAN_POINT('',(0.,0.,0.));
#21 = DIRECTION('',(0.,0.,1.));
#22 = DIRECTION('',(1.,0.,0.));
#23 = AXIS2_PLACEMENT_3D('',#24,#25,#26);
#24 = CARTESIAN_POINT('',(0.,0.,0.));
#25 = DIRECTION('',(0.,0.,1.));
#26 = DIRECTION('',(1.,0.,0.));
#27 = AXIS2_PLACEMENT_3D('',#28,#29,#30);
#28 = CARTESIAN_POINT('',(0.,0.,0.));
#29 = DIRECTION('',(0.,0.,1.));
#30 = DIRECTION('',(1.,0.,0.));
#31 = AXIS2_PLACEMENT_3D('',#32,#33,#34);
#32 = CARTESIAN_POINT('',(0.,0.,0.));
#33 = DIRECTION('',(0.,0.,1.));
#34 = DIRECTION('',(1.,0.,0.));
#35 = AXIS2_PLACEMENT_3D('',#36,#37,#38);
#36 = CARTESIAN_POINT('',(0.,0.,0.));
#37 = DIRECTION('',(0.,0.,1.));
#38 = DIRECTION('',(1.,0.,0.));
#39 = ( GEOMETRIC_REPRESENTATION_CONTEXT(3) 
GLOBAL_UNCERTAINTY_ASSIGNED_CONTEXT((#43)) GLOBAL_UNIT_ASSIGNED_CONTEXT(
(#40,#41,#42)) REPRESENTATION_CONTEXT('Context #1',
  '3D Context with UNIT and UNCERTAINTY') );
#40 = ( LENGTH_UNIT() NAMED_UNIT(*) SI_UNIT(.MILLI.,.METRE.) );
#41 = ( NAMED_UNIT(*) PLANE_ANGLE_UNIT() SI_UNIT($,.RADIAN.) );
#42 = ( NAMED_UNIT(*) SI_UNIT($,.STERADIAN.) SOLID_ANGLE_UNIT() );
#43 = UNCERTAINTY_MEASURE_WITH_UNIT(LENGTH_MEASURE(2.E-06),#40,
  'distance_accuracy_value','confusion accuracy');
#44 = PRODUCT_RELATED_PRODUCT_CATEGORY('part',$,(#7));
#45 = SHAPE_DEFINITION_REPRESENTATION(#46,#52);
#46 = PRODUCT_DEFINITION_SHAPE('','',#47);
#47 = PRODUCT_DEFINITION('design','',#48,#51);
#48 = PRODUCT_DEFINITION_FORMATION('','',#49);
#49 = PRODUCT('3','3','',(#50));
#50 = PRODUCT_CONTEXT('',#2,'mechanical');
#51 = PRODUCT_DEFINITION_CONTEXT('part definition',#2,'design');
#52 = ADVANCED_BREP_SHAPE_REPRESENTATION('',(#11,#53),#203);
#53 = MANIFOLD_SOLID_BREP('',#54);
#54 = CLOSED_SHELL('',(#55,#95,#126,#157,#179,#191));
#55 = ADVANCED_FACE('',(#56),#90,.T.);
#56 = FACE_BOUND('',#57,.T.);
#57 = EDGE_LOOP('',(#58,#68,#76,#84));
#58 = ORIENTED_EDGE('',*,*,#59,.T.);
#59 = EDGE_CURVE('',#60,#62,#64,.T.);
#60 = VERTEX_POINT('',#61);
#61 = CARTESIAN_POINT('',(5.35,1.110223024625E-16,0.5));
#62 = VERTEX_POINT('',#63);
#63 = CARTESIAN_POINT('',(5.35,0.1,0.5));
#64 = LINE('',#65,#66);
#65 = CARTESIAN_POINT('',(5.35,1.110223024625E-16,0.5));
#66 = VECTOR('',#67,1.);
#67 = DIRECTION('',(0.,1.,-2.22044604925E-16));
#68 = ORIENTED_EDGE('',*,*,#69,.T.);
#69 = EDGE_CURVE('',#62,#70,#72,.T.);
#70 = VERTEX_POINT('',#71);
#71 = CARTESIAN_POINT('',(5.35,1.E-01,-1.));
#72 = LINE('',#73,#74);
#73 = CARTESIAN_POINT('',(5.35,0.1,0.5));
#74 = VECTOR('',#75,1.);
#75 = DIRECTION('',(0.,-2.22044604925E-16,-1.));
#76 = ORIENTED_EDGE('',*,*,#77,.F.);
#77 = EDGE_CURVE('',#78,#70,#80,.T.);
#78 = VERTEX_POINT('',#79);
#79 = CARTESIAN_POINT('',(5.35,-2.22044604925E-16,-1.));
#80 = LINE('',#81,#82);
#81 = CARTESIAN_POINT('',(5.35,-2.22044604925E-16,-1.));
#82 = VECTOR('',#83,1.);
#83 = DIRECTION('',(0.,1.,-2.22044604925E-16));
#84 = ORIENTED_EDGE('',*,*,#85,.F.);
#85 = EDGE_CURVE('',#60,#78,#86,.T.);
#86 = LINE('',#87,#88);
#87 = CARTESIAN_POINT('',(5.35,1.110223024625E-16,0.5));
#88 = VECTOR('',#89,1.);
#89 = DIRECTION('',(0.,-2.22044604925E-16,-1.));
#90 = PLANE('',#91);
#91 = AXIS2_PLACEMENT_3D('',#92,#93,#94);
#92 = CARTESIAN_POINT('',(5.35,1.110223024625E-16,0.5));
#93 = DIRECTION('',(-1.,0.,0.));
#94 = DIRECTION('',(0.,-2.22044604925E-16,-1.));
#95 = ADVANCED_FACE('',(#96),#121,.T.);
#96 = FACE_BOUND('',#97,.T.);
#97 = EDGE_LOOP('',(#98,#99,#107,#115));
#98 = ORIENTED_EDGE('',*,*,#77,.T.);
#99 = ORIENTED_EDGE('',*,*,#100,.T.);
#100 = EDGE_CURVE('',#70,#101,#103,.T.);
#101 = VERTEX_POINT('',#102);
#102 = CARTESIAN_POINT('',(5.75,1.E-01,-1.));
#103 = LINE('',#104,#105);
#104 = CARTESIAN_POINT('',(5.35,1.E-01,-1.));
#105 = VECTOR('',#106,1.);
#106 = DIRECTION('',(1.,0.,0.));
#107 = ORIENTED_EDGE('',*,*,#108,.F.);
#108 = EDGE_CURVE('',#109,#101,#111,.T.);
#109 = VERTEX_POINT('',#110);
#110 = CARTESIAN_POINT('',(5.75,-2.22044604925E-16,-1.));
#111 = LINE('',#112,#113);
#112 = CARTESIAN_POINT('',(5.75,-2.22044604925E-16,-1.));
#113 = VECTOR('',#114,1.);
#114 = DIRECTION('',(0.,1.,-2.22044604925E-16));
#115 = ORIENTED_EDGE('',*,*,#116,.F.);
#116 = EDGE_CURVE('',#78,#109,#117,.T.);
#117 = LINE('',#118,#119);
#118 = CARTESIAN_POINT('',(5.35,-2.22044604925E-16,-1.));
#119 = VECTOR('',#120,1.);
#120 = DIRECTION('',(1.,0.,0.));
#121 = PLANE('',#122);
#122 = AXIS2_PLACEMENT_3D('',#123,#124,#125);
#123 = CARTESIAN_POINT('',(5.35,-2.22044604925E-16,-1.));
#124 = DIRECTION('',(0.,-2.22044604925E-16,-1.));
#125 = DIRECTION('',(1.,0.,0.));
#126 = ADVANCED_FACE('',(#127),#152,.T.);
#127 = FACE_BOUND('',#128,.T.);
#128 = EDGE_LOOP('',(#129,#130,#138,#146));
#129 = ORIENTED_EDGE('',*,*,#108,.T.);
#130 = ORIENTED_EDGE('',*,*,#131,.T.);
#131 = EDGE_CURVE('',#101,#132,#134,.T.);
#132 = VERTEX_POINT('',#133);
#133 = CARTESIAN_POINT('',(5.75,0.1,0.5));
#134 = LINE('',#135,#136);
#135 = CARTESIAN_POINT('',(5.75,1.E-01,-1.));
#136 = VECTOR('',#137,1.);
#137 = DIRECTION('',(0.,2.22044604925E-16,1.));
#138 = ORIENTED_EDGE('',*,*,#139,.F.);
#139 = EDGE_CURVE('',#140,#132,#142,.T.);
#140 = VERTEX_POINT('',#141);
#141 = CARTESIAN_POINT('',(5.75,1.110223024625E-16,0.5));
#142 = LINE('',#143,#144);
#143 = CARTESIAN_POINT('',(5.75,1.110223024625E-16,0.5));
#144 = VECTOR('',#145,1.);
#145 = DIRECTION('',(0.,1.,-2.22044604925E-16));
#146 = ORIENTED_EDGE('',*,*,#147,.F.);
#147 = EDGE_CURVE('',#109,#140,#148,.T.);
#148 = LINE('',#149,#150);
#149 = CARTESIAN_POINT('',(5.75,-2.22044604925E-16,-1.));
#150 = VECTOR('',#151,1.);
#151 = DIRECTION('',(0.,2.22044604925E-16,1.));
#152 = PLANE('',#153);
#153 = AXIS2_PLACEMENT_3D('',#154,#155,#156);
#154 = CARTESIAN_POINT('',(5.75,-2.22044604925E-16,-1.));
#155 = DIRECTION('',(1.,0.,0.));
#156 = DIRECTION('',(0.,2.22044604925E-16,1.));
#157 = ADVANCED_FACE('',(#158),#174,.T.);
#158 = FACE_BOUND('',#159,.T.);
#159 = EDGE_LOOP('',(#160,#161,#167,#168));
#160 = ORIENTED_EDGE('',*,*,#139,.T.);
#161 = ORIENTED_EDGE('',*,*,#162,.T.);
#162 = EDGE_CURVE('',#132,#62,#163,.T.);
#163 = LINE('',#164,#165);
#164 = CARTESIAN_POINT('',(5.75,0.1,0.5));
#165 = VECTOR('',#166,1.);
#166 = DIRECTION('',(-1.,0.,0.));
#167 = ORIENTED_EDGE('',*,*,#59,.F.);
#168 = ORIENTED_EDGE('',*,*,#169,.F.);
#169 = EDGE_CURVE('',#140,#60,#170,.T.);
#170 = LINE('',#171,#172);
#171 = CARTESIAN_POINT('',(5.75,1.110223024625E-16,0.5));
#172 = VECTOR('',#173,1.);
#173 = DIRECTION('',(-1.,0.,0.));
#174 = PLANE('',#175);
#175 = AXIS2_PLACEMENT_3D('',#176,#177,#178);
#176 = CARTESIAN_POINT('',(5.75,1.110223024625E-16,0.5));
#177 = DIRECTION('',(0.,2.22044604925E-16,1.));
#178 = DIRECTION('',(-1.,0.,0.));
#179 = ADVANCED_FACE('',(#180),#186,.F.);
#180 = FACE_BOUND('',#181,.T.);
#181 = EDGE_LOOP('',(#182,#183,#184,#185));
#182 = ORIENTED_EDGE('',*,*,#85,.T.);
#183 = ORIENTED_EDGE('',*,*,#116,.T.);
#184 = ORIENTED_EDGE('',*,*,#147,.T.);
#185 = ORIENTED_EDGE('',*,*,#169,.T.);
#186 = PLANE('',#187);
#187 = AXIS2_PLACEMENT_3D('',#188,#189,#190);
#188 = CARTESIAN_POINT('',(5.55,-5.551115123126E-17,-0.25));
#189 = DIRECTION('',(0.,1.,0.));
#190 = DIRECTION('',(0.,0.,1.));
#191 = ADVANCED_FACE('',(#192),#198,.T.);
#192 = FACE_BOUND('',#193,.F.);
#193 = EDGE_LOOP('',(#194,#195,#196,#197));
#194 = ORIENTED_EDGE('',*,*,#69,.T.);
#195 = ORIENTED_EDGE('',*,*,#100,.T.);
#196 = ORIENTED_EDGE('',*,*,#131,.T.);
#197 = ORIENTED_EDGE('',*,*,#162,.T.);
#198 = PLANE('',#199);
#199 = AXIS2_PLACEMENT_3D('',#200,#201,#202);
#200 = CARTESIAN_POINT('',(5.55,1.E-01,-0.25));
#201 = DIRECTION('',(0.,1.,0.));
#202 = DIRECTION('',(0.,0.,1.));
#203 = ( GEOMETRIC_REPRESENTATION_CONTEXT(3) 
GLOBAL_UNCERTAINTY_ASSIGNED_CONTEXT((#207)) GLOBAL_UNIT_ASSIGNED_CONTEXT
((#204,#205,#206)) REPRESENTATION_CONTEXT('Context #1',
  '3D Context with UNIT and UNCERTAINTY') );
#204 = ( LENGTH_UNIT() NAMED_UNIT(*) SI_UNIT(.MILLI.,.METRE.) );
#205 = ( NAMED_UNIT(*) PLANE_ANGLE_UNIT() SI_UNIT($,.RADIAN.) );
#206 = ( NAMED_UNIT(*) SI_UNIT($,.STERADIAN.) SOLID_ANGLE_UNIT() );
#207 = UNCERTAINTY_MEASURE_WITH_UNIT(LENGTH_MEASURE(1.E-07),#204,
  'distance_accuracy_value','confusion accuracy');
#208 = CONTEXT_DEPENDENT_SHAPE_REPRESENTATION(#209,#211);
#209 = ( REPRESENTATION_RELATIONSHIP('','',#52,#10) 
REPRESENTATION_RELATIONSHIP_WITH_TRANSFORMATION(#210) 
SHAPE_REPRESENTATION_RELATIONSHIP() );
#210 = ITEM_DEFINED_TRANSFORMATION('','',#11,#15);
#211 = PRODUCT_DEFINITION_SHAPE('Placement','Placement of an item',#212
  );
#212 = NEXT_ASSEMBLY_USAGE_OCCURRENCE('19','3','',#5,#47,$);
#213 = PRODUCT_RELATED_PRODUCT_CATEGORY('part',$,(#49));
#214 = SHAPE_DEFINITION_REPRESENTATION(#215,#221);
#215 = PRODUCT_DEFINITION_SHAPE('','',#216);
#216 = PRODUCT_DEFINITION('design','',#217,#220);
#217 = PRODUCT_DEFINITION_FORMATION('','',#218);
#218 = PRODUCT('Lever','Lever','',(#219));
#219 = PRODUCT_CONTEXT('',#2,'mechanical');
#220 = PRODUCT_DEFINITION_CONTEXT('part definition',#2,'design');
#221 = ADVANCED_BREP_SHAPE_REPRESENTATION('',(#11,#222),#438);
#222 = MANIFOLD_SOLID_BREP('',#223);
#223 = CLOSED_SHELL('',(#224,#264,#295,#326,#357,#388,#407,#426));
#224 = ADVANCED_FACE('',(#225),#259,.T.);
#225 = FACE_BOUND('',#226,.T.);
#226 = EDGE_LOOP('',(#227,#237,#245,#253));
#227 = ORIENTED_EDGE('',*,*,#228,.T.);
#228 = EDGE_CURVE('',#229,#231,#233,.T.);
#229 = VERTEX_POINT('',#230);
#230 = CARTESIAN_POINT('',(4.8,1.18,4.45));
#231 = VERTEX_POINT('',#232);
#232 = CARTESIAN_POINT('',(3.5,1.18,4.45));
#233 = LINE('',#234,#235);
#234 = CARTESIAN_POINT('',(4.8,1.18,4.45));
#235 = VECTOR('',#236,1.);
#236 = DIRECTION('',(-1.,-0.,-0.));
#237 = ORIENTED_EDGE('',*,*,#238,.T.);
#238 = EDGE_CURVE('',#231,#239,#241,.T.);
#239 = VERTEX_POINT('',#240);
#240 = CARTESIAN_POINT('',(3.5,3.E-02,4.45));
#241 = LINE('',#242,#243);
#242 = CARTESIAN_POINT('',(3.5,1.18,4.45));
#243 = VECTOR('',#244,1.);
#244 = DIRECTION('',(0.,-1.,0.));
#245 = ORIENTED_EDGE('',*,*,#246,.F.);
#246 = EDGE_CURVE('',#247,#239,#249,.T.);
#247 = VERTEX_POINT('',#248);
#248 = CARTESIAN_POINT('',(4.8,3.E-02,4.45));
#249 = LINE('',#250,#251);
#250 = CARTESIAN_POINT('',(4.8,3.E-02,4.45));
#251 = VECTOR('',#252,1.);
#252 = DIRECTION('',(-1.,-0.,-0.));
#253 = ORIENTED_EDGE('',*,*,#254,.F.);
#254 = EDGE_CURVE('',#229,#247,#255,.T.);
#255 = LINE('',#256,#257);
#256 = CARTESIAN_POINT('',(4.8,1.18,4.45));
#257 = VECTOR('',#258,1.);
#258 = DIRECTION('',(0.,-1.,0.));
#259 = PLANE('',#260);
#260 = AXIS2_PLACEMENT_3D('',#261,#262,#263);
#261 = CARTESIAN_POINT('',(4.8,1.18,4.45));
#262 = DIRECTION('',(0.,0.,1.));
#263 = DIRECTION('',(0.,-1.,0.));
#264 = ADVANCED_FACE('',(#265),#290,.T.);
#265 = FACE_BOUND('',#266,.T.);
#266 = EDGE_LOOP('',(#267,#268,#276,#284));
#267 = ORIENTED_EDGE('',*,*,#246,.T.);
#268 = ORIENTED_EDGE('',*,*,#269,.T.);
#269 = EDGE_CURVE('',#239,#270,#272,.T.);
#270 = VERTEX_POINT('',#271);
#271 = CARTESIAN_POINT('',(3.5,3.E-02,2.7));
#272 = LINE('',#273,#274);
#273 = CARTESIAN_POINT('',(3.5,3.E-02,4.45));
#274 = VECTOR('',#275,1.);
#275 = DIRECTION('',(0.,0.,-1.));
#276 = ORIENTED_EDGE('',*,*,#277,.F.);
#277 = EDGE_CURVE('',#278,#270,#280,.T.);
#278 = VERTEX_POINT('',#279);
#279 = CARTESIAN_POINT('',(4.8,3.E-02,2.7));
#280 = LINE('',#281,#282);
#281 = CARTESIAN_POINT('',(4.8,3.E-02,2.7));
#282 = VECTOR('',#283,1.);
#283 = DIRECTION('',(-1.,-0.,-0.));
#284 = ORIENTED_EDGE('',*,*,#285,.F.);
#285 = EDGE_CURVE('',#247,#278,#286,.T.);
#286 = LINE('',#287,#288);
#287 = CARTESIAN_POINT('',(4.8,3.E-02,4.45));
#288 = VECTOR('',#289,1.);
#289 = DIRECTION('',(0.,0.,-1.));
#290 = PLANE('',#291);
#291 = AXIS2_PLACEMENT_3D('',#292,#293,#294);
#292 = CARTESIAN_POINT('',(4.8,3.E-02,4.45));
#293 = DIRECTION('',(0.,-1.,0.));
#294 = DIRECTION('',(0.,0.,-1.));
#295 = ADVANCED_FACE('',(#296),#321,.T.);
#296 = FACE_BOUND('',#297,.T.);
#297 = EDGE_LOOP('',(#298,#299,#307,#315));
#298 = ORIENTED_EDGE('',*,*,#277,.T.);
#299 = ORIENTED_EDGE('',*,*,#300,.T.);
#300 = EDGE_CURVE('',#270,#301,#303,.T.);
#301 = VERTEX_POINT('',#302);
#302 = CARTESIAN_POINT('',(3.5,0.928747,2.7));
#303 = LINE('',#304,#305);
#304 = CARTESIAN_POINT('',(3.5,3.E-02,2.7));
#305 = VECTOR('',#306,1.);
#306 = DIRECTION('',(0.,1.,0.));
#307 = ORIENTED_EDGE('',*,*,#308,.F.);
#308 = EDGE_CURVE('',#309,#301,#311,.T.);
#309 = VERTEX_POINT('',#310);
#310 = CARTESIAN_POINT('',(4.8,0.928747,2.7));
#311 = LINE('',#312,#313);
#312 = CARTESIAN_POINT('',(4.8,0.928747,2.7));
#313 = VECTOR('',#314,1.);
#314 = DIRECTION('',(-1.,-0.,-0.));
#315 = ORIENTED_EDGE('',*,*,#316,.F.);
#316 = EDGE_CURVE('',#278,#309,#317,.T.);
#317 = LINE('',#318,#319);
#318 = CARTESIAN_POINT('',(4.8,3.E-02,2.7));
#319 = VECTOR('',#320,1.);
#320 = DIRECTION('',(0.,1.,0.));
#321 = PLANE('',#322);
#322 = AXIS2_PLACEMENT_3D('',#323,#324,#325);
#323 = CARTESIAN_POINT('',(4.8,3.E-02,2.7));
#324 = DIRECTION('',(0.,0.,-1.));
#325 = DIRECTION('',(0.,1.,0.));
#326 = ADVANCED_FACE('',(#327),#352,.T.);
#327 = FACE_BOUND('',#328,.T.);
#328 = EDGE_LOOP('',(#329,#330,#338,#346));
#329 = ORIENTED_EDGE('',*,*,#308,.T.);
#330 = ORIENTED_EDGE('',*,*,#331,.T.);
#331 = EDGE_CURVE('',#301,#332,#334,.T.);
#332 = VERTEX_POINT('',#333);
#333 = CARTESIAN_POINT('',(3.5,0.928747,1.75));
#334 = LINE('',#335,#336);
#335 = CARTESIAN_POINT('',(3.5,0.928747,2.7));
#336 = VECTOR('',#337,1.);
#337 = DIRECTION('',(0.,0.,-1.));
#338 = ORIENTED_EDGE('',*,*,#339,.F.);
#339 = EDGE_CURVE('',#340,#332,#342,.T.);
#340 = VERTEX_POINT('',#341);
#341 = CARTESIAN_POINT('',(4.8,0.928747,1.75));
#342 = LINE('',#343,#344);
#343 = CARTESIAN_POINT('',(4.8,0.928747,1.75));
#344 = VECTOR('',#345,1.);
#345 = DIRECTION('',(-1.,-0.,-0.));
#346 = ORIENTED_EDGE('',*,*,#347,.F.);
#347 = EDGE_CURVE('',#309,#340,#348,.T.);
#348 = LINE('',#349,#350);
#349 = CARTESIAN_POINT('',(4.8,0.928747,2.7));
#350 = VECTOR('',#351,1.);
#351 = DIRECTION('',(0.,0.,-1.));
#352 = PLANE('',#353);
#353 = AXIS2_PLACEMENT_3D('',#354,#355,#356);
#354 = CARTESIAN_POINT('',(4.8,0.928747,2.7));
#355 = DIRECTION('',(0.,-1.,0.));
#356 = DIRECTION('',(0.,0.,-1.));
#357 = ADVANCED_FACE('',(#358),#383,.T.);
#358 = FACE_BOUND('',#359,.T.);
#359 = EDGE_LOOP('',(#360,#361,#369,#377));
#360 = ORIENTED_EDGE('',*,*,#339,.T.);
#361 = ORIENTED_EDGE('',*,*,#362,.T.);
#362 = EDGE_CURVE('',#332,#363,#365,.T.);
#363 = VERTEX_POINT('',#364);
#364 = CARTESIAN_POINT('',(3.5,1.18,1.75));
#365 = LINE('',#366,#367);
#366 = CARTESIAN_POINT('',(3.5,0.928747,1.75));
#367 = VECTOR('',#368,1.);
#368 = DIRECTION('',(0.,1.,0.));
#369 = ORIENTED_EDGE('',*,*,#370,.F.);
#370 = EDGE_CURVE('',#371,#363,#373,.T.);
#371 = VERTEX_POINT('',#372);
#372 = CARTESIAN_POINT('',(4.8,1.18,1.75));
#373 = LINE('',#374,#375);
#374 = CARTESIAN_POINT('',(4.8,1.18,1.75));
#375 = VECTOR('',#376,1.);
#376 = DIRECTION('',(-1.,-0.,-0.));
#377 = ORIENTED_EDGE('',*,*,#378,.F.);
#378 = EDGE_CURVE('',#340,#371,#379,.T.);
#379 = LINE('',#380,#381);
#380 = CARTESIAN_POINT('',(4.8,0.928747,1.75));
#381 = VECTOR('',#382,1.);
#382 = DIRECTION('',(0.,1.,0.));
#383 = PLANE('',#384);
#384 = AXIS2_PLACEMENT_3D('',#385,#386,#387);
#385 = CARTESIAN_POINT('',(4.8,0.928747,1.75));
#386 = DIRECTION('',(0.,0.,-1.));
#387 = DIRECTION('',(0.,1.,0.));
#388 = ADVANCED_FACE('',(#389),#402,.T.);
#389 = FACE_BOUND('',#390,.T.);
#390 = EDGE_LOOP('',(#391,#392,#393,#399,#400,#401));
#391 = ORIENTED_EDGE('',*,*,#347,.T.);
#392 = ORIENTED_EDGE('',*,*,#378,.T.);
#393 = ORIENTED_EDGE('',*,*,#394,.T.);
#394 = EDGE_CURVE('',#371,#229,#395,.T.);
#395 = LINE('',#396,#397);
#396 = CARTESIAN_POINT('',(4.8,1.18,1.75));
#397 = VECTOR('',#398,1.);
#398 = DIRECTION('',(0.,0.,1.));
#399 = ORIENTED_EDGE('',*,*,#254,.T.);
#400 = ORIENTED_EDGE('',*,*,#285,.T.);
#401 = ORIENTED_EDGE('',*,*,#316,.T.);
#402 = PLANE('',#403);
#403 = AXIS2_PLACEMENT_3D('',#404,#405,#406);
#404 = CARTESIAN_POINT('',(4.8,0.736621059465,3.179586317889));
#405 = DIRECTION('',(1.,0.,0.));
#406 = DIRECTION('',(0.,0.,1.));
#407 = ADVANCED_FACE('',(#408),#421,.F.);
#408 = FACE_BOUND('',#409,.F.);
#409 = EDGE_LOOP('',(#410,#411,#412,#418,#419,#420));
#410 = ORIENTED_EDGE('',*,*,#331,.T.);
#411 = ORIENTED_EDGE('',*,*,#362,.T.);
#412 = ORIENTED_EDGE('',*,*,#413,.T.);
#413 = EDGE_CURVE('',#363,#231,#414,.T.);
#414 = LINE('',#415,#416);
#415 = CARTESIAN_POINT('',(3.5,1.18,2.7));
#416 = VECTOR('',#417,1.);
#417 = DIRECTION('',(0.,0.,1.));
#418 = ORIENTED_EDGE('',*,*,#238,.T.);
#419 = ORIENTED_EDGE('',*,*,#269,.T.);
#420 = ORIENTED_EDGE('',*,*,#300,.T.);
#421 = PLANE('',#422);
#422 = AXIS2_PLACEMENT_3D('',#423,#424,#425);
#423 = CARTESIAN_POINT('',(3.5,0.736621059465,3.179586317889));
#424 = DIRECTION('',(1.,0.,0.));
#425 = DIRECTION('',(0.,0.,1.));
#426 = ADVANCED_FACE('',(#427),#433,.T.);
#427 = FACE_BOUND('',#428,.T.);
#428 = EDGE_LOOP('',(#429,#430,#431,#432));
#429 = ORIENTED_EDGE('',*,*,#370,.T.);
#430 = ORIENTED_EDGE('',*,*,#413,.T.);
#431 = ORIENTED_EDGE('',*,*,#228,.F.);
#432 = ORIENTED_EDGE('',*,*,#394,.F.);
#433 = PLANE('',#434);
#434 = AXIS2_PLACEMENT_3D('',#435,#436,#437);
#435 = CARTESIAN_POINT('',(4.15,1.18,3.1));
#436 = DIRECTION('',(0.,1.,0.));
#437 = DIRECTION('',(0.,0.,1.));
#438 = ( GEOMETRIC_REPRESENTATION_CONTEXT(3) 
GLOBAL_UNCERTAINTY_ASSIGNED_CONTEXT((#442)) GLOBAL_UNIT_ASSIGNED_CONTEXT
((#439,#440,#441)) REPRESENTATION_CONTEXT('Context #1',
  '3D Context with UNIT and UNCERTAINTY') );
#439 = ( LENGTH_UNIT() NAMED_UNIT(*) SI_UNIT(.MILLI.,.METRE.) );
#440 = ( NAMED_UNIT(*) PLANE_ANGLE_UNIT() SI_UNIT($,.RADIAN.) );
#441 = ( NAMED_UNIT(*) SI_UNIT($,.STERADIAN.) SOLID_ANGLE_UNIT() );
#442 = UNCERTAINTY_MEASURE_WITH_UNIT(LENGTH_MEASURE(1.E-07),#439,
  'distance_accuracy_value','confusion accuracy');
#443 = CONTEXT_DEPENDENT_SHAPE_REPRESENTATION(#444,#446);
#444 = ( REPRESENTATION_RELATIONSHIP('','',#221,#10) 
REPRESENTATION_RELATIONSHIP_WITH_TRANSFORMATION(#445) 
SHAPE_REPRESENTATION_RELATIONSHIP() );
#445 = ITEM_DEFINED_TRANSFORMATION('','',#11,#19);
#446 = PRODUCT_DEFINITION_SHAPE('Placement','Placement of an item',#447
  );
#447 = NEXT_ASSEMBLY_USAGE_OCCURRENCE('20','Lever','',#5,#216,$);
#448 = PRODUCT_RELATED_PRODUCT_CATEGORY('part',$,(#218));
#449 = SHAPE_DEFINITION_REPRESENTATION(#450,#456);
#450 = PRODUCT_DEFINITION_SHAPE('','',#451);
#451 = PRODUCT_DEFINITION('design','',#452,#455);
#452 = PRODUCT_DEFINITION_FORMATION('','',#453);
#453 = PRODUCT('2','2','',(#454));
#454 = PRODUCT_CONTEXT('',#2,'mechanical');
#455 = PRODUCT_DEFINITION_CONTEXT('part definition',#2,'design');
#456 = ADVANCED_BREP_SHAPE_REPRESENTATION('',(#11,#457),#607);
#457 = MANIFOLD_SOLID_BREP('',#458);
#458 = CLOSED_SHELL('',(#459,#499,#530,#561,#583,#595));
#459 = ADVANCED_FACE('',(#460),#494,.T.);
#460 = FACE_BOUND('',#461,.T.);
#461 = EDGE_LOOP('',(#462,#472,#480,#488));
#462 = ORIENTED_EDGE('',*,*,#463,.T.);
#463 = EDGE_CURVE('',#464,#466,#468,.T.);
#464 = VERTEX_POINT('',#465);
#465 = CARTESIAN_POINT('',(4.25,1.110223024625E-16,0.5));
#466 = VERTEX_POINT('',#467);
#467 = CARTESIAN_POINT('',(4.25,0.1,0.5));
#468 = LINE('',#469,#470);
#469 = CARTESIAN_POINT('',(4.25,1.110223024625E-16,0.5));
#470 = VECTOR('',#471,1.);
#471 = DIRECTION('',(0.,1.,-2.22044604925E-16));
#472 = ORIENTED_EDGE('',*,*,#473,.T.);
#473 = EDGE_CURVE('',#466,#474,#476,.T.);
#474 = VERTEX_POINT('',#475);
#475 = CARTESIAN_POINT('',(3.85,0.1,0.5));
#476 = LINE('',#477,#478);
#477 = CARTESIAN_POINT('',(4.25,0.1,0.5));
#478 = VECTOR('',#479,1.);
#479 = DIRECTION('',(-1.,0.,0.));
#480 = ORIENTED_EDGE('',*,*,#481,.F.);
#481 = EDGE_CURVE('',#482,#474,#484,.T.);
#482 = VERTEX_POINT('',#483);
#483 = CARTESIAN_POINT('',(3.85,1.110223024625E-16,0.5));
#484 = LINE('',#485,#486);
#485 = CARTESIAN_POINT('',(3.85,1.110223024625E-16,0.5));
#486 = VECTOR('',#487,1.);
#487 = DIRECTION('',(0.,1.,-2.22044604925E-16));
#488 = ORIENTED_EDGE('',*,*,#489,.F.);
#489 = EDGE_CURVE('',#464,#482,#490,.T.);
#490 = LINE('',#491,#492);
#491 = CARTESIAN_POINT('',(4.25,1.110223024625E-16,0.5));
#492 = VECTOR('',#493,1.);
#493 = DIRECTION('',(-1.,0.,0.));
#494 = PLANE('',#495);
#495 = AXIS2_PLACEMENT_3D('',#496,#497,#498);
#496 = CARTESIAN_POINT('',(4.25,1.110223024625E-16,0.5));
#497 = DIRECTION('',(0.,2.22044604925E-16,1.));
#498 = DIRECTION('',(-1.,0.,0.));
#499 = ADVANCED_FACE('',(#500),#525,.T.);
#500 = FACE_BOUND('',#501,.T.);
#501 = EDGE_LOOP('',(#502,#503,#511,#519));
#502 = ORIENTED_EDGE('',*,*,#481,.T.);
#503 = ORIENTED_EDGE('',*,*,#504,.T.);
#504 = EDGE_CURVE('',#474,#505,#507,.T.);
#505 = VERTEX_POINT('',#506);
#506 = CARTESIAN_POINT('',(3.85,1.E-01,-1.));
#507 = LINE('',#508,#509);
#508 = CARTESIAN_POINT('',(3.85,0.1,0.5));
#509 = VECTOR('',#510,1.);
#510 = DIRECTION('',(0.,-2.22044604925E-16,-1.));
#511 = ORIENTED_EDGE('',*,*,#512,.F.);
#512 = EDGE_CURVE('',#513,#505,#515,.T.);
#513 = VERTEX_POINT('',#514);
#514 = CARTESIAN_POINT('',(3.85,-2.22044604925E-16,-1.));
#515 = LINE('',#516,#517);
#516 = CARTESIAN_POINT('',(3.85,-2.22044604925E-16,-1.));
#517 = VECTOR('',#518,1.);
#518 = DIRECTION('',(0.,1.,-2.22044604925E-16));
#519 = ORIENTED_EDGE('',*,*,#520,.F.);
#520 = EDGE_CURVE('',#482,#513,#521,.T.);
#521 = LINE('',#522,#523);
#522 = CARTESIAN_POINT('',(3.85,1.110223024625E-16,0.5));
#523 = VECTOR('',#524,1.);
#524 = DIRECTION('',(0.,-2.22044604925E-16,-1.));
#525 = PLANE('',#526);
#526 = AXIS2_PLACEMENT_3D('',#527,#528,#529);
#527 = CARTESIAN_POINT('',(3.85,1.110223024625E-16,0.5));
#528 = DIRECTION('',(-1.,0.,0.));
#529 = DIRECTION('',(0.,-2.22044604925E-16,-1.));
#530 = ADVANCED_FACE('',(#531),#556,.T.);
#531 = FACE_BOUND('',#532,.T.);
#532 = EDGE_LOOP('',(#533,#534,#542,#550));
#533 = ORIENTED_EDGE('',*,*,#512,.T.);
#534 = ORIENTED_EDGE('',*,*,#535,.T.);
#535 = EDGE_CURVE('',#505,#536,#538,.T.);
#536 = VERTEX_POINT('',#537);
#537 = CARTESIAN_POINT('',(4.25,1.E-01,-1.));
#538 = LINE('',#539,#540);
#539 = CARTESIAN_POINT('',(3.85,1.E-01,-1.));
#540 = VECTOR('',#541,1.);
#541 = DIRECTION('',(1.,0.,0.));
#542 = ORIENTED_EDGE('',*,*,#543,.F.);
#543 = EDGE_CURVE('',#544,#536,#546,.T.);
#544 = VERTEX_POINT('',#545);
#545 = CARTESIAN_POINT('',(4.25,-2.22044604925E-16,-1.));
#546 = LINE('',#547,#548);
#547 = CARTESIAN_POINT('',(4.25,-2.22044604925E-16,-1.));
#548 = VECTOR('',#549,1.);
#549 = DIRECTION('',(0.,1.,-2.22044604925E-16));
#550 = ORIENTED_EDGE('',*,*,#551,.F.);
#551 = EDGE_CURVE('',#513,#544,#552,.T.);
#552 = LINE('',#553,#554);
#553 = CARTESIAN_POINT('',(3.85,-2.22044604925E-16,-1.));
#554 = VECTOR('',#555,1.);
#555 = DIRECTION('',(1.,0.,0.));
#556 = PLANE('',#557);
#557 = AXIS2_PLACEMENT_3D('',#558,#559,#560);
#558 = CARTESIAN_POINT('',(3.85,-2.22044604925E-16,-1.));
#559 = DIRECTION('',(0.,-2.22044604925E-16,-1.));
#560 = DIRECTION('',(1.,0.,0.));
#561 = ADVANCED_FACE('',(#562),#578,.T.);
#562 = FACE_BOUND('',#563,.T.);
#563 = EDGE_LOOP('',(#564,#565,#571,#572));
#564 = ORIENTED_EDGE('',*,*,#543,.T.);
#565 = ORIENTED_EDGE('',*,*,#566,.T.);
#566 = EDGE_CURVE('',#536,#466,#567,.T.);
#567 = LINE('',#568,#569);
#568 = CARTESIAN_POINT('',(4.25,1.E-01,-1.));
#569 = VECTOR('',#570,1.);
#570 = DIRECTION('',(0.,2.22044604925E-16,1.));
#571 = ORIENTED_EDGE('',*,*,#463,.F.);
#572 = ORIENTED_EDGE('',*,*,#573,.F.);
#573 = EDGE_CURVE('',#544,#464,#574,.T.);
#574 = LINE('',#575,#576);
#575 = CARTESIAN_POINT('',(4.25,-2.22044604925E-16,-1.));
#576 = VECTOR('',#577,1.);
#577 = DIRECTION('',(0.,2.22044604925E-16,1.));
#578 = PLANE('',#579);
#579 = AXIS2_PLACEMENT_3D('',#580,#581,#582);
#580 = CARTESIAN_POINT('',(4.25,-2.22044604925E-16,-1.));
#581 = DIRECTION('',(1.,0.,0.));
#582 = DIRECTION('',(0.,2.22044604925E-16,1.));
#583 = ADVANCED_FACE('',(#584),#590,.F.);
#584 = FACE_BOUND('',#585,.T.);
#585 = EDGE_LOOP('',(#586,#587,#588,#589));
#586 = ORIENTED_EDGE('',*,*,#489,.T.);
#587 = ORIENTED_EDGE('',*,*,#520,.T.);
#588 = ORIENTED_EDGE('',*,*,#551,.T.);
#589 = ORIENTED_EDGE('',*,*,#573,.T.);
#590 = PLANE('',#591);
#591 = AXIS2_PLACEMENT_3D('',#592,#593,#594);
#592 = CARTESIAN_POINT('',(4.05,-5.551115123126E-17,-0.25));
#593 = DIRECTION('',(0.,1.,0.));
#594 = DIRECTION('',(0.,0.,1.));
#595 = ADVANCED_FACE('',(#596),#602,.T.);
#596 = FACE_BOUND('',#597,.F.);
#597 = EDGE_LOOP('',(#598,#599,#600,#601));
#598 = ORIENTED_EDGE('',*,*,#473,.T.);
#599 = ORIENTED_EDGE('',*,*,#504,.T.);
#600 = ORIENTED_EDGE('',*,*,#535,.T.);
#601 = ORIENTED_EDGE('',*,*,#566,.T.);
#602 = PLANE('',#603);
#603 = AXIS2_PLACEMENT_3D('',#604,#605,#606);
#604 = CARTESIAN_POINT('',(4.05,1.E-01,-0.25));
#605 = DIRECTION('',(0.,1.,0.));
#606 = DIRECTION('',(0.,0.,1.));
#607 = ( GEOMETRIC_REPRESENTATION_CONTEXT(3) 
GLOBAL_UNCERTAINTY_ASSIGNED_CONTEXT((#611)) GLOBAL_UNIT_ASSIGNED_CONTEXT
((#608,#609,#610)) REPRESENTATION_CONTEXT('Context #1',
  '3D Context with UNIT and UNCERTAINTY') );
#608 = ( LENGTH_UNIT() NAMED_UNIT(*) SI_UNIT(.MILLI.,.METRE.) );
#609 = ( NAMED_UNIT(*) PLANE_ANGLE_UNIT() SI_UNIT($,.RADIAN.) );
#610 = ( NAMED_UNIT(*) SI_UNIT($,.STERADIAN.) SOLID_ANGLE_UNIT() );
#611 = UNCERTAINTY_MEASURE_WITH_UNIT(LENGTH_MEASURE(1.E-07),#608,
  'distance_accuracy_value','confusion accuracy');
#612 = CONTEXT_DEPENDENT_SHAPE_REPRESENTATION(#613,#615);
#613 = ( REPRESENTATION_RELATIONSHIP('','',#456,#10) 
REPRESENTATION_RELATIONSHIP_WITH_TRANSFORMATION(#614) 
SHAPE_REPRESENTATION_RELATIONSHIP() );
#614 = ITEM_DEFINED_TRANSFORMATION('','',#11,#23);
#615 = PRODUCT_DEFINITION_SHAPE('Placement','Placement of an item',#616
  );
#616 = NEXT_ASSEMBLY_USAGE_OCCURRENCE('21','2','',#5,#451,$);
#617 = PRODUCT_RELATED_PRODUCT_CATEGORY('part',$,(#453));
#618 = SHAPE_DEFINITION_REPRESENTATION(#619,#625);
#619 = PRODUCT_DEFINITION_SHAPE('','',#620);
#620 = PRODUCT_DEFINITION('design','',#621,#624);
#621 = PRODUCT_DEFINITION_FORMATION('','',#622);
#622 = PRODUCT('1','1','',(#623));
#623 = PRODUCT_CONTEXT('',#2,'mechanical');
#624 = PRODUCT_DEFINITION_CONTEXT('part definition',#2,'design');
#625 = ADVANCED_BREP_SHAPE_REPRESENTATION('',(#11,#626),#842);
#626 = MANIFOLD_SOLID_BREP('',#627);
#627 = CLOSED_SHELL('',(#628,#668,#699,#730,#761,#792,#811,#830));
#628 = ADVANCED_FACE('',(#629),#663,.T.);
#629 = FACE_BOUND('',#630,.T.);
#630 = EDGE_LOOP('',(#631,#641,#649,#657));
#631 = ORIENTED_EDGE('',*,*,#632,.T.);
#632 = EDGE_CURVE('',#633,#635,#637,.T.);
#633 = VERTEX_POINT('',#634);
#634 = CARTESIAN_POINT('',(1.249523,1.110223024625E-16,0.5));
#635 = VERTEX_POINT('',#636);
#636 = CARTESIAN_POINT('',(1.249523,0.1,0.5));
#637 = LINE('',#638,#639);
#638 = CARTESIAN_POINT('',(1.249523,1.110223024625E-16,0.5));
#639 = VECTOR('',#640,1.);
#640 = DIRECTION('',(0.,1.,-2.22044604925E-16));
#641 = ORIENTED_EDGE('',*,*,#642,.T.);
#642 = EDGE_CURVE('',#635,#643,#645,.T.);
#643 = VERTEX_POINT('',#644);
#644 = CARTESIAN_POINT('',(0.85,0.1,0.5));
#645 = LINE('',#646,#647);
#646 = CARTESIAN_POINT('',(1.249523,0.1,0.5));
#647 = VECTOR('',#648,1.);
#648 = DIRECTION('',(-1.,0.,0.));
#649 = ORIENTED_EDGE('',*,*,#650,.F.);
#650 = EDGE_CURVE('',#651,#643,#653,.T.);
#651 = VERTEX_POINT('',#652);
#652 = CARTESIAN_POINT('',(0.85,1.110223024625E-16,0.5));
#653 = LINE('',#654,#655);
#654 = CARTESIAN_POINT('',(0.85,1.110223024625E-16,0.5));
#655 = VECTOR('',#656,1.);
#656 = DIRECTION('',(0.,1.,-2.22044604925E-16));
#657 = ORIENTED_EDGE('',*,*,#658,.F.);
#658 = EDGE_CURVE('',#633,#651,#659,.T.);
#659 = LINE('',#660,#661);
#660 = CARTESIAN_POINT('',(1.249523,1.110223024625E-16,0.5));
#661 = VECTOR('',#662,1.);
#662 = DIRECTION('',(-1.,0.,0.));
#663 = PLANE('',#664);
#664 = AXIS2_PLACEMENT_3D('',#665,#666,#667);
#665 = CARTESIAN_POINT('',(1.249523,1.110223024625E-16,0.5));
#666 = DIRECTION('',(0.,2.22044604925E-16,1.));
#667 = DIRECTION('',(-1.,0.,0.));
#668 = ADVANCED_FACE('',(#669),#694,.T.);
#669 = FACE_BOUND('',#670,.T.);
#670 = EDGE_LOOP('',(#671,#672,#680,#688));
#671 = ORIENTED_EDGE('',*,*,#632,.F.);
#672 = ORIENTED_EDGE('',*,*,#673,.F.);
#673 = EDGE_CURVE('',#674,#633,#676,.T.);
#674 = VERTEX_POINT('',#675);
#675 = CARTESIAN_POINT('',(1.249523,-2.293903260775E-17,0.));
#676 = LINE('',#677,#678);
#677 = CARTESIAN_POINT('',(1.249523,0.,0.));
#678 = VECTOR('',#679,1.);
#679 = DIRECTION('',(0.,2.22044604925E-16,1.));
#680 = ORIENTED_EDGE('',*,*,#681,.T.);
#681 = EDGE_CURVE('',#674,#682,#684,.T.);
#682 = VERTEX_POINT('',#683);
#683 = CARTESIAN_POINT('',(1.249523,1.E-01,-2.22044604925E-17));
#684 = LINE('',#685,#686);
#685 = CARTESIAN_POINT('',(1.249523,-2.293903260775E-17,0.));
#686 = VECTOR('',#687,1.);
#687 = DIRECTION('',(0.,1.,-2.22044604925E-16));
#688 = ORIENTED_EDGE('',*,*,#689,.T.);
#689 = EDGE_CURVE('',#682,#635,#690,.T.);
#690 = LINE('',#691,#692);
#691 = CARTESIAN_POINT('',(1.249523,0.1,-2.22044604925E-17));
#692 = VECTOR('',#693,1.);
#693 = DIRECTION('',(0.,2.22044604925E-16,1.));
#694 = PLANE('',#695);
#695 = AXIS2_PLACEMENT_3D('',#696,#697,#698);
#696 = CARTESIAN_POINT('',(1.249523,0.,0.));
#697 = DIRECTION('',(1.,0.,0.));
#698 = DIRECTION('',(0.,2.22044604925E-16,1.));
#699 = ADVANCED_FACE('',(#700),#725,.T.);
#700 = FACE_BOUND('',#701,.T.);
#701 = EDGE_LOOP('',(#702,#703,#711,#719));
#702 = ORIENTED_EDGE('',*,*,#681,.F.);
#703 = ORIENTED_EDGE('',*,*,#704,.F.);
#704 = EDGE_CURVE('',#705,#674,#707,.T.);
#705 = VERTEX_POINT('',#706);
#706 = CARTESIAN_POINT('',(1.25,0.,0.));
#707 = LINE('',#708,#709);
#708 = CARTESIAN_POINT('',(1.25,0.,0.));
#709 = VECTOR('',#710,1.);
#710 = DIRECTION('',(-1.,0.,0.));
#711 = ORIENTED_EDGE('',*,*,#712,.T.);
#712 = EDGE_CURVE('',#705,#713,#715,.T.);
#713 = VERTEX_POINT('',#714);
#714 = CARTESIAN_POINT('',(1.25,0.1,-2.22044604925E-17));
#715 = LINE('',#716,#717);
#716 = CARTESIAN_POINT('',(1.25,0.,0.));
#717 = VECTOR('',#718,1.);
#718 = DIRECTION('',(0.,1.,-2.22044604925E-16));
#719 = ORIENTED_EDGE('',*,*,#720,.T.);
#720 = EDGE_CURVE('',#713,#682,#721,.T.);
#721 = LINE('',#722,#723);
#722 = CARTESIAN_POINT('',(1.25,0.1,-2.22044604925E-17));
#723 = VECTOR('',#724,1.);
#724 = DIRECTION('',(-1.,0.,0.));
#725 = PLANE('',#726);
#726 = AXIS2_PLACEMENT_3D('',#727,#728,#729);
#727 = CARTESIAN_POINT('',(1.25,0.,0.));
#728 = DIRECTION('',(0.,2.22044604925E-16,1.));
#729 = DIRECTION('',(-1.,0.,0.));
#730 = ADVANCED_FACE('',(#731),#756,.T.);
#731 = FACE_BOUND('',#732,.T.);
#732 = EDGE_LOOP('',(#733,#743,#749,#750));
#733 = ORIENTED_EDGE('',*,*,#734,.T.);
#734 = EDGE_CURVE('',#735,#737,#739,.T.);
#735 = VERTEX_POINT('',#736);
#736 = CARTESIAN_POINT('',(1.25,-2.22044604925E-16,-1.));
#737 = VERTEX_POINT('',#738);
#738 = CARTESIAN_POINT('',(1.25,1.E-01,-1.));
#739 = LINE('',#740,#741);
#740 = CARTESIAN_POINT('',(1.25,-2.22044604925E-16,-1.));
#741 = VECTOR('',#742,1.);
#742 = DIRECTION('',(0.,1.,-2.22044604925E-16));
#743 = ORIENTED_EDGE('',*,*,#744,.T.);
#744 = EDGE_CURVE('',#737,#713,#745,.T.);
#745 = LINE('',#746,#747);
#746 = CARTESIAN_POINT('',(1.25,1.E-01,-1.));
#747 = VECTOR('',#748,1.);
#748 = DIRECTION('',(0.,2.22044604925E-16,1.));
#749 = ORIENTED_EDGE('',*,*,#712,.F.);
#750 = ORIENTED_EDGE('',*,*,#751,.F.);
#751 = EDGE_CURVE('',#735,#705,#752,.T.);
#752 = LINE('',#753,#754);
#753 = CARTESIAN_POINT('',(1.25,-2.22044604925E-16,-1.));
#754 = VECTOR('',#755,1.);
#755 = DIRECTION('',(0.,2.22044604925E-16,1.));
#756 = PLANE('',#757);
#757 = AXIS2_PLACEMENT_3D('',#758,#759,#760);
#758 = CARTESIAN_POINT('',(1.25,-2.22044604925E-16,-1.));
#759 = DIRECTION('',(1.,0.,0.));
#760 = DIRECTION('',(0.,2.22044604925E-16,1.));
#761 = ADVANCED_FACE('',(#762),#787,.T.);
#762 = FACE_BOUND('',#763,.T.);
#763 = EDGE_LOOP('',(#764,#774,#780,#781));
#764 = ORIENTED_EDGE('',*,*,#765,.T.);
#765 = EDGE_CURVE('',#766,#768,#770,.T.);
#766 = VERTEX_POINT('',#767);
#767 = CARTESIAN_POINT('',(0.85,-2.22044604925E-16,-1.));
#768 = VERTEX_POINT('',#769);
#769 = CARTESIAN_POINT('',(0.85,1.E-01,-1.));
#770 = LINE('',#771,#772);
#771 = CARTESIAN_POINT('',(0.85,-2.22044604925E-16,-1.));
#772 = VECTOR('',#773,1.);
#773 = DIRECTION('',(0.,1.,-2.22044604925E-16));
#774 = ORIENTED_EDGE('',*,*,#775,.T.);
#775 = EDGE_CURVE('',#768,#737,#776,.T.);
#776 = LINE('',#777,#778);
#777 = CARTESIAN_POINT('',(0.85,1.E-01,-1.));
#778 = VECTOR('',#779,1.);
#779 = DIRECTION('',(1.,0.,0.));
#780 = ORIENTED_EDGE('',*,*,#734,.F.);
#781 = ORIENTED_EDGE('',*,*,#782,.F.);
#782 = EDGE_CURVE('',#766,#735,#783,.T.);
#783 = LINE('',#784,#785);
#784 = CARTESIAN_POINT('',(0.85,-2.22044604925E-16,-1.));
#785 = VECTOR('',#786,1.);
#786 = DIRECTION('',(1.,0.,0.));
#787 = PLANE('',#788);
#788 = AXIS2_PLACEMENT_3D('',#789,#790,#791);
#789 = CARTESIAN_POINT('',(0.85,-2.22044604925E-16,-1.));
#790 = DIRECTION('',(0.,-2.22044604925E-16,-1.));
#791 = DIRECTION('',(1.,0.,0.));
#792 = ADVANCED_FACE('',(#793),#806,.F.);
#793 = FACE_BOUND('',#794,.F.);
#794 = EDGE_LOOP('',(#795,#801,#802,#803,#804,#805));
#795 = ORIENTED_EDGE('',*,*,#796,.F.);
#796 = EDGE_CURVE('',#651,#766,#797,.T.);
#797 = LINE('',#798,#799);
#798 = CARTESIAN_POINT('',(0.85,1.110223024625E-16,0.5));
#799 = VECTOR('',#800,1.);
#800 = DIRECTION('',(0.,-2.22044604925E-16,-1.));
#801 = ORIENTED_EDGE('',*,*,#658,.F.);
#802 = ORIENTED_EDGE('',*,*,#673,.F.);
#803 = ORIENTED_EDGE('',*,*,#704,.F.);
#804 = ORIENTED_EDGE('',*,*,#751,.F.);
#805 = ORIENTED_EDGE('',*,*,#782,.F.);
#806 = PLANE('',#807);
#807 = AXIS2_PLACEMENT_3D('',#808,#809,#810);
#808 = CARTESIAN_POINT('',(1.049906704027,-4.587806521549E-17,
    -0.206616437409));
#809 = DIRECTION('',(0.,1.,0.));
#810 = DIRECTION('',(0.,0.,1.));
#811 = ADVANCED_FACE('',(#812),#825,.T.);
#812 = FACE_BOUND('',#813,.T.);
#813 = EDGE_LOOP('',(#814,#815,#816,#817,#818,#819));
#814 = ORIENTED_EDGE('',*,*,#642,.F.);
#815 = ORIENTED_EDGE('',*,*,#689,.F.);
#816 = ORIENTED_EDGE('',*,*,#720,.F.);
#817 = ORIENTED_EDGE('',*,*,#744,.F.);
#818 = ORIENTED_EDGE('',*,*,#775,.F.);
#819 = ORIENTED_EDGE('',*,*,#820,.F.);
#820 = EDGE_CURVE('',#643,#768,#821,.T.);
#821 = LINE('',#822,#823);
#822 = CARTESIAN_POINT('',(0.85,0.1,-2.22044604925E-17));
#823 = VECTOR('',#824,1.);
#824 = DIRECTION('',(0.,-2.22044604925E-16,-1.));
#825 = PLANE('',#826);
#826 = AXIS2_PLACEMENT_3D('',#827,#828,#829);
#827 = CARTESIAN_POINT('',(1.049906704027,1.E-01,-0.206616437409));
#828 = DIRECTION('',(0.,1.,0.));
#829 = DIRECTION('',(0.,0.,1.));
#830 = ADVANCED_FACE('',(#831),#837,.T.);
#831 = FACE_BOUND('',#832,.T.);
#832 = EDGE_LOOP('',(#833,#834,#835,#836));
#833 = ORIENTED_EDGE('',*,*,#650,.T.);
#834 = ORIENTED_EDGE('',*,*,#820,.T.);
#835 = ORIENTED_EDGE('',*,*,#765,.F.);
#836 = ORIENTED_EDGE('',*,*,#796,.F.);
#837 = PLANE('',#838);
#838 = AXIS2_PLACEMENT_3D('',#839,#840,#841);
#839 = CARTESIAN_POINT('',(0.85,5.E-02,-0.25));
#840 = DIRECTION('',(-1.,-0.,-0.));
#841 = DIRECTION('',(0.,0.,-1.));
#842 = ( GEOMETRIC_REPRESENTATION_CONTEXT(3) 
GLOBAL_UNCERTAINTY_ASSIGNED_CONTEXT((#846)) GLOBAL_UNIT_ASSIGNED_CONTEXT
((#843,#844,#845)) REPRESENTATION_CONTEXT('Context #1',
  '3D Context with UNIT and UNCERTAINTY') );
#843 = ( LENGTH_UNIT() NAMED_UNIT(*) SI_UNIT(.MILLI.,.METRE.) );
#844 = ( NAMED_UNIT(*) PLANE_ANGLE_UNIT() SI_UNIT($,.RADIAN.) );
#845 = ( NAMED_UNIT(*) SI_UNIT($,.STERADIAN.) SOLID_ANGLE_UNIT() );
#846 = UNCERTAINTY_MEASURE_WITH_UNIT(LENGTH_MEASURE(1.E-07),#843,
  'distance_accuracy_value','confusion accuracy');
#847 = CONTEXT_DEPENDENT_SHAPE_REPRESENTATION(#848,#850);
#848 = ( REPRESENTATION_RELATIONSHIP('','',#625,#10) 
REPRESENTATION_RELATIONSHIP_WITH_TRANSFORMATION(#849) 
SHAPE_REPRESENTATION_RELATIONSHIP() );
#849 = ITEM_DEFINED_TRANSFORMATION('','',#11,#27);
#850 = PRODUCT_DEFINITION_SHAPE('Placement','Placement of an item',#851
  );
#851 = NEXT_ASSEMBLY_USAGE_OCCURRENCE('22','1','',#5,#620,$);
#852 = PRODUCT_RELATED_PRODUCT_CATEGORY('part',$,(#622));
#853 = SHAPE_DEFINITION_REPRESENTATION(#854,#860);
#854 = PRODUCT_DEFINITION_SHAPE('','',#855);
#855 = PRODUCT_DEFINITION('design','',#856,#859);
#856 = PRODUCT_DEFINITION_FORMATION('','',#857);
#857 = PRODUCT('Body-Plastic','Body-Plastic','',(#858));
#858 = PRODUCT_CONTEXT('',#2,'mechanical');
#859 = PRODUCT_DEFINITION_CONTEXT('part definition',#2,'design');
#860 = ADVANCED_BREP_SHAPE_REPRESENTATION('',(#11,#861),#1819);
#861 = MANIFOLD_SOLID_BREP('',#862);
#862 = CLOSED_SHELL('',(#863,#896,#921,#1071,#1080,#1216,#1240,#1264,
    #1281,#1305,#1329,#1346,#1370,#1394,#1411,#1436,#1527,#1544,#1569,
    #1586,#1603,#1643,#1660,#1672,#1684,#1696,#1708,#1732,#1756,#1773,
    #1798,#1810));
#863 = ADVANCED_FACE('',(#864),#891,.T.);
#864 = FACE_BOUND('',#865,.F.);
#865 = EDGE_LOOP('',(#866,#876,#883,#884));
#866 = ORIENTED_EDGE('',*,*,#867,.T.);
#867 = EDGE_CURVE('',#868,#870,#872,.T.);
#868 = VERTEX_POINT('',#869);
#869 = CARTESIAN_POINT('',(2.25,2.775557561563E-16,1.25));
#870 = VERTEX_POINT('',#871);
#871 = CARTESIAN_POINT('',(2.25,-0.4,1.25));
#872 = LINE('',#873,#874);
#873 = CARTESIAN_POINT('',(2.25,2.775557561563E-16,1.25));
#874 = VECTOR('',#875,1.);
#875 = DIRECTION('',(0.,-1.,2.22044604925E-16));
#876 = ORIENTED_EDGE('',*,*,#877,.T.);
#877 = EDGE_CURVE('',#870,#870,#878,.T.);
#878 = CIRCLE('',#879,0.45);
#879 = AXIS2_PLACEMENT_3D('',#880,#881,#882);
#880 = CARTESIAN_POINT('',(1.8,-0.4,1.25));
#881 = DIRECTION('',(0.,-1.,0.));
#882 = DIRECTION('',(1.,0.,4.93432455389E-16));
#883 = ORIENTED_EDGE('',*,*,#867,.F.);
#884 = ORIENTED_EDGE('',*,*,#885,.F.);
#885 = EDGE_CURVE('',#868,#868,#886,.T.);
#886 = CIRCLE('',#887,0.45);
#887 = AXIS2_PLACEMENT_3D('',#888,#889,#890);
#888 = CARTESIAN_POINT('',(1.8,2.775557561563E-16,1.25));
#889 = DIRECTION('',(0.,-1.,2.22044604925E-16));
#890 = DIRECTION('',(1.,0.,0.));
#891 = CYLINDRICAL_SURFACE('',#892,0.45);
#892 = AXIS2_PLACEMENT_3D('',#893,#894,#895);
#893 = CARTESIAN_POINT('',(1.8,2.775557561563E-16,1.25));
#894 = DIRECTION('',(0.,1.,-2.22044604925E-16));
#895 = DIRECTION('',(1.,0.,0.));
#896 = ADVANCED_FACE('',(#897),#916,.T.);
#897 = FACE_BOUND('',#898,.T.);
#898 = EDGE_LOOP('',(#899,#907,#908,#909));
#899 = ORIENTED_EDGE('',*,*,#900,.F.);
#900 = EDGE_CURVE('',#870,#901,#903,.T.);
#901 = VERTEX_POINT('',#902);
#902 = CARTESIAN_POINT('',(2.15,-0.5,1.25));
#903 = LINE('',#904,#905);
#904 = CARTESIAN_POINT('',(2.25,-0.4,1.25));
#905 = VECTOR('',#906,1.);
#906 = DIRECTION('',(-0.707106781187,-0.707106781187,0.));
#907 = ORIENTED_EDGE('',*,*,#877,.T.);
#908 = ORIENTED_EDGE('',*,*,#900,.T.);
#909 = ORIENTED_EDGE('',*,*,#910,.F.);
#910 = EDGE_CURVE('',#901,#901,#911,.T.);
#911 = CIRCLE('',#912,0.35);
#912 = AXIS2_PLACEMENT_3D('',#913,#914,#915);
#913 = CARTESIAN_POINT('',(1.8,-0.5,1.25));
#914 = DIRECTION('',(0.,-1.,0.));
#915 = DIRECTION('',(1.,0.,4.93432455389E-16));
#916 = CONICAL_SURFACE('',#917,0.45,0.785398163397);
#917 = AXIS2_PLACEMENT_3D('',#918,#919,#920);
#918 = CARTESIAN_POINT('',(1.8,-0.4,1.25));
#919 = DIRECTION('',(0.,1.,0.));
#920 = DIRECTION('',(1.,0.,4.93432455389E-16));
#921 = ADVANCED_FACE('',(#922,#1052,#1055),#1066,.F.);
#922 = FACE_BOUND('',#923,.F.);
#923 = EDGE_LOOP('',(#924,#934,#942,#950,#958,#966,#974,#982,#990,#998,
    #1006,#1014,#1022,#1030,#1038,#1046));
#924 = ORIENTED_EDGE('',*,*,#925,.F.);
#925 = EDGE_CURVE('',#926,#928,#930,.T.);
#926 = VERTEX_POINT('',#927);
#927 = CARTESIAN_POINT('',(0.32,0.,0.));
#928 = VERTEX_POINT('',#929);
#929 = CARTESIAN_POINT('',(0.85,0.,0.));
#930 = LINE('',#931,#932);
#931 = CARTESIAN_POINT('',(0.32,0.,0.));
#932 = VECTOR('',#933,1.);
#933 = DIRECTION('',(1.,0.,0.));
#934 = ORIENTED_EDGE('',*,*,#935,.T.);
#935 = EDGE_CURVE('',#926,#936,#938,.T.);
#936 = VERTEX_POINT('',#937);
#937 = CARTESIAN_POINT('',(0.32,0.,2.7));
#938 = LINE('',#939,#940);
#939 = CARTESIAN_POINT('',(0.32,0.,0.));
#940 = VECTOR('',#941,1.);
#941 = DIRECTION('',(0.,0.,1.));
#942 = ORIENTED_EDGE('',*,*,#943,.T.);
#943 = EDGE_CURVE('',#936,#944,#946,.T.);
#944 = VERTEX_POINT('',#945);
#945 = CARTESIAN_POINT('',(6.28,0.,2.7));
#946 = LINE('',#947,#948);
#947 = CARTESIAN_POINT('',(0.32,0.,2.7));
#948 = VECTOR('',#949,1.);
#949 = DIRECTION('',(1.,0.,0.));
#950 = ORIENTED_EDGE('',*,*,#951,.F.);
#951 = EDGE_CURVE('',#952,#944,#954,.T.);
#952 = VERTEX_POINT('',#953);
#953 = CARTESIAN_POINT('',(6.28,0.,0.));
#954 = LINE('',#955,#956);
#955 = CARTESIAN_POINT('',(6.28,0.,0.));
#956 = VECTOR('',#957,1.);
#957 = DIRECTION('',(0.,0.,1.));
#958 = ORIENTED_EDGE('',*,*,#959,.F.);
#959 = EDGE_CURVE('',#960,#952,#962,.T.);
#960 = VERTEX_POINT('',#961);
#961 = CARTESIAN_POINT('',(5.75,0.,0.));
#962 = LINE('',#963,#964);
#963 = CARTESIAN_POINT('',(0.32,0.,0.));
#964 = VECTOR('',#965,1.);
#965 = DIRECTION('',(1.,0.,0.));
#966 = ORIENTED_EDGE('',*,*,#967,.T.);
#967 = EDGE_CURVE('',#960,#968,#970,.T.);
#968 = VERTEX_POINT('',#969);
#969 = CARTESIAN_POINT('',(5.75,1.118547476864E-16,0.503749));
#970 = LINE('',#971,#972);
#971 = CARTESIAN_POINT('',(5.75,0.,0.));
#972 = VECTOR('',#973,1.);
#973 = DIRECTION('',(0.,2.22044604925E-16,1.));
#974 = ORIENTED_EDGE('',*,*,#975,.T.);
#975 = EDGE_CURVE('',#968,#976,#978,.T.);
#976 = VERTEX_POINT('',#977);
#977 = CARTESIAN_POINT('',(5.35,1.118547476864E-16,0.503749));
#978 = LINE('',#979,#980);
#979 = CARTESIAN_POINT('',(5.75,1.118547476864E-16,0.503749));
#980 = VECTOR('',#981,1.);
#981 = DIRECTION('',(-1.,0.,0.));
#982 = ORIENTED_EDGE('',*,*,#983,.T.);
#983 = EDGE_CURVE('',#976,#984,#986,.T.);
#984 = VERTEX_POINT('',#985);
#985 = CARTESIAN_POINT('',(5.35,0.,0.));
#986 = LINE('',#987,#988);
#987 = CARTESIAN_POINT('',(5.35,1.118547476864E-16,0.503749));
#988 = VECTOR('',#989,1.);
#989 = DIRECTION('',(0.,-2.22044604925E-16,-1.));
#990 = ORIENTED_EDGE('',*,*,#991,.F.);
#991 = EDGE_CURVE('',#992,#984,#994,.T.);
#992 = VERTEX_POINT('',#993);
#993 = CARTESIAN_POINT('',(4.25,0.,0.));
#994 = LINE('',#995,#996);
#995 = CARTESIAN_POINT('',(0.32,0.,0.));
#996 = VECTOR('',#997,1.);
#997 = DIRECTION('',(1.,0.,0.));
#998 = ORIENTED_EDGE('',*,*,#999,.T.);
#999 = EDGE_CURVE('',#992,#1000,#1002,.T.);
#1000 = VERTEX_POINT('',#1001);
#1001 = CARTESIAN_POINT('',(4.25,1.110223024625E-16,0.5));
#1002 = LINE('',#1003,#1004);
#1003 = CARTESIAN_POINT('',(4.25,0.,0.));
#1004 = VECTOR('',#1005,1.);
#1005 = DIRECTION('',(0.,2.22044604925E-16,1.));
#1006 = ORIENTED_EDGE('',*,*,#1007,.T.);
#1007 = EDGE_CURVE('',#1000,#1008,#1010,.T.);
#1008 = VERTEX_POINT('',#1009);
#1009 = CARTESIAN_POINT('',(3.845326,1.110223024625E-16,0.5));
#1010 = LINE('',#1011,#1012);
#1011 = CARTESIAN_POINT('',(4.25,1.110223024625E-16,0.5));
#1012 = VECTOR('',#1013,1.);
#1013 = DIRECTION('',(-1.,0.,0.));
#1014 = ORIENTED_EDGE('',*,*,#1015,.T.);
#1015 = EDGE_CURVE('',#1008,#1016,#1018,.T.);
#1016 = VERTEX_POINT('',#1017);
#1017 = CARTESIAN_POINT('',(3.845326,0.,0.));
#1018 = LINE('',#1019,#1020);
#1019 = CARTESIAN_POINT('',(3.845326,1.110223024625E-16,0.5));
#1020 = VECTOR('',#1021,1.);
#1021 = DIRECTION('',(0.,-2.22044604925E-16,-1.));
#1022 = ORIENTED_EDGE('',*,*,#1023,.F.);
#1023 = EDGE_CURVE('',#1024,#1016,#1026,.T.);
#1024 = VERTEX_POINT('',#1025);
#1025 = CARTESIAN_POINT('',(1.25,0.,0.));
#1026 = LINE('',#1027,#1028);
#1027 = CARTESIAN_POINT('',(0.32,0.,0.));
#1028 = VECTOR('',#1029,1.);
#1029 = DIRECTION('',(1.,0.,0.));
#1030 = ORIENTED_EDGE('',*,*,#1031,.T.);
#1031 = EDGE_CURVE('',#1024,#1032,#1034,.T.);
#1032 = VERTEX_POINT('',#1033);
#1033 = CARTESIAN_POINT('',(1.25,1.110223024625E-16,0.5));
#1034 = LINE('',#1035,#1036);
#1035 = CARTESIAN_POINT('',(1.25,0.,0.));
#1036 = VECTOR('',#1037,1.);
#1037 = DIRECTION('',(0.,2.22044604925E-16,1.));
#1038 = ORIENTED_EDGE('',*,*,#1039,.T.);
#1039 = EDGE_CURVE('',#1032,#1040,#1042,.T.);
#1040 = VERTEX_POINT('',#1041);
#1041 = CARTESIAN_POINT('',(0.85,1.110223024625E-16,0.5));
#1042 = LINE('',#1043,#1044);
#1043 = CARTESIAN_POINT('',(1.25,1.110223024625E-16,0.5));
#1044 = VECTOR('',#1045,1.);
#1045 = DIRECTION('',(-1.,0.,0.));
#1046 = ORIENTED_EDGE('',*,*,#1047,.T.);
#1047 = EDGE_CURVE('',#1040,#928,#1048,.T.);
#1048 = LINE('',#1049,#1050);
#1049 = CARTESIAN_POINT('',(0.85,1.110223024625E-16,0.5));
#1050 = VECTOR('',#1051,1.);
#1051 = DIRECTION('',(0.,-2.22044604925E-16,-1.));
#1052 = FACE_BOUND('',#1053,.F.);
#1053 = EDGE_LOOP('',(#1054));
#1054 = ORIENTED_EDGE('',*,*,#885,.T.);
#1055 = FACE_BOUND('',#1056,.F.);
#1056 = EDGE_LOOP('',(#1057));
#1057 = ORIENTED_EDGE('',*,*,#1058,.T.);
#1058 = EDGE_CURVE('',#1059,#1059,#1061,.T.);
#1059 = VERTEX_POINT('',#1060);
#1060 = CARTESIAN_POINT('',(5.25,2.775557561563E-16,1.25));
#1061 = CIRCLE('',#1062,0.45);
#1062 = AXIS2_PLACEMENT_3D('',#1063,#1064,#1065);
#1063 = CARTESIAN_POINT('',(4.8,2.775557561563E-16,1.25));
#1064 = DIRECTION('',(0.,-1.,2.22044604925E-16));
#1065 = DIRECTION('',(1.,0.,0.));
#1066 = PLANE('',#1067);
#1067 = AXIS2_PLACEMENT_3D('',#1068,#1069,#1070);
#1068 = CARTESIAN_POINT('',(0.32,0.,0.));
#1069 = DIRECTION('',(0.,1.,0.));
#1070 = DIRECTION('',(1.,0.,0.));
#1071 = ADVANCED_FACE('',(#1072),#1075,.F.);
#1072 = FACE_BOUND('',#1073,.F.);
#1073 = EDGE_LOOP('',(#1074));
#1074 = ORIENTED_EDGE('',*,*,#910,.F.);
#1075 = PLANE('',#1076);
#1076 = AXIS2_PLACEMENT_3D('',#1077,#1078,#1079);
#1077 = CARTESIAN_POINT('',(3.3,-0.5,1.25));
#1078 = DIRECTION('',(0.,1.,0.));
#1079 = DIRECTION('',(0.,0.,1.));
#1080 = ADVANCED_FACE('',(#1081),#1211,.F.);
#1081 = FACE_BOUND('',#1082,.F.);
#1082 = EDGE_LOOP('',(#1083,#1092,#1093,#1101,#1109,#1115,#1116,#1124,
    #1132,#1138,#1139,#1147,#1155,#1161,#1162,#1171,#1179,#1188,#1196,
    #1205));
#1083 = ORIENTED_EDGE('',*,*,#1084,.T.);
#1084 = EDGE_CURVE('',#1085,#926,#1087,.T.);
#1085 = VERTEX_POINT('',#1086);
#1086 = CARTESIAN_POINT('',(0.22,0.1,0.));
#1087 = CIRCLE('',#1088,0.1);
#1088 = AXIS2_PLACEMENT_3D('',#1089,#1090,#1091);
#1089 = CARTESIAN_POINT('',(0.32,0.1,0.));
#1090 = DIRECTION('',(0.,0.,1.));
#1091 = DIRECTION('',(1.,0.,0.));
#1092 = ORIENTED_EDGE('',*,*,#925,.T.);
#1093 = ORIENTED_EDGE('',*,*,#1094,.T.);
#1094 = EDGE_CURVE('',#928,#1095,#1097,.T.);
#1095 = VERTEX_POINT('',#1096);
#1096 = CARTESIAN_POINT('',(0.85,0.1,-2.22044604925E-17));
#1097 = LINE('',#1098,#1099);
#1098 = CARTESIAN_POINT('',(0.85,0.,0.));
#1099 = VECTOR('',#1100,1.);
#1100 = DIRECTION('',(0.,1.,-2.22044604925E-16));
#1101 = ORIENTED_EDGE('',*,*,#1102,.T.);
#1102 = EDGE_CURVE('',#1095,#1103,#1105,.T.);
#1103 = VERTEX_POINT('',#1104);
#1104 = CARTESIAN_POINT('',(1.25,0.1,-2.22044604925E-17));
#1105 = LINE('',#1106,#1107);
#1106 = CARTESIAN_POINT('',(0.85,0.1,-2.22044604925E-17));
#1107 = VECTOR('',#1108,1.);
#1108 = DIRECTION('',(1.,0.,0.));
#1109 = ORIENTED_EDGE('',*,*,#1110,.F.);
#1110 = EDGE_CURVE('',#1024,#1103,#1111,.T.);
#1111 = LINE('',#1112,#1113);
#1112 = CARTESIAN_POINT('',(1.25,0.,0.));
#1113 = VECTOR('',#1114,1.);
#1114 = DIRECTION('',(0.,1.,-2.22044604925E-16));
#1115 = ORIENTED_EDGE('',*,*,#1023,.T.);
#1116 = ORIENTED_EDGE('',*,*,#1117,.T.);
#1117 = EDGE_CURVE('',#1016,#1118,#1120,.T.);
#1118 = VERTEX_POINT('',#1119);
#1119 = CARTESIAN_POINT('',(3.845326,0.1,-2.22044604925E-17));
#1120 = LINE('',#1121,#1122);
#1121 = CARTESIAN_POINT('',(3.845326,0.,0.));
#1122 = VECTOR('',#1123,1.);
#1123 = DIRECTION('',(0.,1.,-2.22044604925E-16));
#1124 = ORIENTED_EDGE('',*,*,#1125,.T.);
#1125 = EDGE_CURVE('',#1118,#1126,#1128,.T.);
#1126 = VERTEX_POINT('',#1127);
#1127 = CARTESIAN_POINT('',(4.25,0.1,-2.22044604925E-17));
#1128 = LINE('',#1129,#1130);
#1129 = CARTESIAN_POINT('',(3.845326,0.1,-2.22044604925E-17));
#1130 = VECTOR('',#1131,1.);
#1131 = DIRECTION('',(1.,0.,0.));
#1132 = ORIENTED_EDGE('',*,*,#1133,.F.);
#1133 = EDGE_CURVE('',#992,#1126,#1134,.T.);
#1134 = LINE('',#1135,#1136);
#1135 = CARTESIAN_POINT('',(4.25,0.,0.));
#1136 = VECTOR('',#1137,1.);
#1137 = DIRECTION('',(0.,1.,-2.22044604925E-16));
#1138 = ORIENTED_EDGE('',*,*,#991,.T.);
#1139 = ORIENTED_EDGE('',*,*,#1140,.T.);
#1140 = EDGE_CURVE('',#984,#1141,#1143,.T.);
#1141 = VERTEX_POINT('',#1142);
#1142 = CARTESIAN_POINT('',(5.35,0.1,-2.22044604925E-17));
#1143 = LINE('',#1144,#1145);
#1144 = CARTESIAN_POINT('',(5.35,0.,0.));
#1145 = VECTOR('',#1146,1.);
#1146 = DIRECTION('',(0.,1.,-2.22044604925E-16));
#1147 = ORIENTED_EDGE('',*,*,#1148,.T.);
#1148 = EDGE_CURVE('',#1141,#1149,#1151,.T.);
#1149 = VERTEX_POINT('',#1150);
#1150 = CARTESIAN_POINT('',(5.75,0.1,-2.22044604925E-17));
#1151 = LINE('',#1152,#1153);
#1152 = CARTESIAN_POINT('',(5.35,0.1,-2.22044604925E-17));
#1153 = VECTOR('',#1154,1.);
#1154 = DIRECTION('',(1.,0.,0.));
#1155 = ORIENTED_EDGE('',*,*,#1156,.F.);
#1156 = EDGE_CURVE('',#960,#1149,#1157,.T.);
#1157 = LINE('',#1158,#1159);
#1158 = CARTESIAN_POINT('',(5.75,0.,0.));
#1159 = VECTOR('',#1160,1.);
#1160 = DIRECTION('',(0.,1.,-2.22044604925E-16));
#1161 = ORIENTED_EDGE('',*,*,#959,.T.);
#1162 = ORIENTED_EDGE('',*,*,#1163,.T.);
#1163 = EDGE_CURVE('',#952,#1164,#1166,.T.);
#1164 = VERTEX_POINT('',#1165);
#1165 = CARTESIAN_POINT('',(6.38,1.E-01,0.));
#1166 = CIRCLE('',#1167,0.1);
#1167 = AXIS2_PLACEMENT_3D('',#1168,#1169,#1170);
#1168 = CARTESIAN_POINT('',(6.28,0.1,0.));
#1169 = DIRECTION('',(0.,0.,1.));
#1170 = DIRECTION('',(1.,0.,0.));
#1171 = ORIENTED_EDGE('',*,*,#1172,.T.);
#1172 = EDGE_CURVE('',#1164,#1173,#1175,.T.);
#1173 = VERTEX_POINT('',#1174);
#1174 = CARTESIAN_POINT('',(6.38,1.08,0.));
#1175 = LINE('',#1176,#1177);
#1176 = CARTESIAN_POINT('',(6.38,1.E-01,0.));
#1177 = VECTOR('',#1178,1.);
#1178 = DIRECTION('',(0.,1.,0.));
#1179 = ORIENTED_EDGE('',*,*,#1180,.T.);
#1180 = EDGE_CURVE('',#1173,#1181,#1183,.T.);
#1181 = VERTEX_POINT('',#1182);
#1182 = CARTESIAN_POINT('',(6.28,1.18,0.));
#1183 = CIRCLE('',#1184,1.E-01);
#1184 = AXIS2_PLACEMENT_3D('',#1185,#1186,#1187);
#1185 = CARTESIAN_POINT('',(6.28,1.08,0.));
#1186 = DIRECTION('',(0.,0.,1.));
#1187 = DIRECTION('',(1.,0.,0.));
#1188 = ORIENTED_EDGE('',*,*,#1189,.T.);
#1189 = EDGE_CURVE('',#1181,#1190,#1192,.T.);
#1190 = VERTEX_POINT('',#1191);
#1191 = CARTESIAN_POINT('',(0.32,1.18,0.));
#1192 = LINE('',#1193,#1194);
#1193 = CARTESIAN_POINT('',(6.28,1.18,0.));
#1194 = VECTOR('',#1195,1.);
#1195 = DIRECTION('',(-1.,0.,0.));
#1196 = ORIENTED_EDGE('',*,*,#1197,.T.);
#1197 = EDGE_CURVE('',#1190,#1198,#1200,.T.);
#1198 = VERTEX_POINT('',#1199);
#1199 = CARTESIAN_POINT('',(0.22,1.08,0.));
#1200 = CIRCLE('',#1201,1.E-01);
#1201 = AXIS2_PLACEMENT_3D('',#1202,#1203,#1204);
#1202 = CARTESIAN_POINT('',(0.32,1.08,0.));
#1203 = DIRECTION('',(0.,0.,1.));
#1204 = DIRECTION('',(1.,0.,0.));
#1205 = ORIENTED_EDGE('',*,*,#1206,.T.);
#1206 = EDGE_CURVE('',#1198,#1085,#1207,.T.);
#1207 = LINE('',#1208,#1209);
#1208 = CARTESIAN_POINT('',(0.22,1.08,0.));
#1209 = VECTOR('',#1210,1.);
#1210 = DIRECTION('',(0.,-1.,0.));
#1211 = PLANE('',#1212);
#1212 = AXIS2_PLACEMENT_3D('',#1213,#1214,#1215);
#1213 = CARTESIAN_POINT('',(3.3,0.59,0.));
#1214 = DIRECTION('',(0.,0.,1.));
#1215 = DIRECTION('',(1.,0.,0.));
#1216 = ADVANCED_FACE('',(#1217),#1235,.F.);
#1217 = FACE_BOUND('',#1218,.F.);
#1218 = EDGE_LOOP('',(#1219,#1227,#1233,#1234));
#1219 = ORIENTED_EDGE('',*,*,#1220,.T.);
#1220 = EDGE_CURVE('',#1040,#1221,#1223,.T.);
#1221 = VERTEX_POINT('',#1222);
#1222 = CARTESIAN_POINT('',(0.85,0.1,0.5));
#1223 = LINE('',#1224,#1225);
#1224 = CARTESIAN_POINT('',(0.85,1.110223024625E-16,0.5));
#1225 = VECTOR('',#1226,1.);
#1226 = DIRECTION('',(0.,1.,-2.22044604925E-16));
#1227 = ORIENTED_EDGE('',*,*,#1228,.T.);
#1228 = EDGE_CURVE('',#1221,#1095,#1229,.T.);
#1229 = LINE('',#1230,#1231);
#1230 = CARTESIAN_POINT('',(0.85,0.1,0.5));
#1231 = VECTOR('',#1232,1.);
#1232 = DIRECTION('',(0.,-2.22044604925E-16,-1.));
#1233 = ORIENTED_EDGE('',*,*,#1094,.F.);
#1234 = ORIENTED_EDGE('',*,*,#1047,.F.);
#1235 = PLANE('',#1236);
#1236 = AXIS2_PLACEMENT_3D('',#1237,#1238,#1239);
#1237 = CARTESIAN_POINT('',(0.85,1.110223024625E-16,0.5));
#1238 = DIRECTION('',(-1.,0.,0.));
#1239 = DIRECTION('',(0.,-2.22044604925E-16,-1.));
#1240 = ADVANCED_FACE('',(#1241),#1259,.F.);
#1241 = FACE_BOUND('',#1242,.F.);
#1242 = EDGE_LOOP('',(#1243,#1251,#1257,#1258));
#1243 = ORIENTED_EDGE('',*,*,#1244,.T.);
#1244 = EDGE_CURVE('',#1032,#1245,#1247,.T.);
#1245 = VERTEX_POINT('',#1246);
#1246 = CARTESIAN_POINT('',(1.25,0.1,0.5));
#1247 = LINE('',#1248,#1249);
#1248 = CARTESIAN_POINT('',(1.25,1.110223024625E-16,0.5));
#1249 = VECTOR('',#1250,1.);
#1250 = DIRECTION('',(0.,1.,-2.22044604925E-16));
#1251 = ORIENTED_EDGE('',*,*,#1252,.T.);
#1252 = EDGE_CURVE('',#1245,#1221,#1253,.T.);
#1253 = LINE('',#1254,#1255);
#1254 = CARTESIAN_POINT('',(1.25,0.1,0.5));
#1255 = VECTOR('',#1256,1.);
#1256 = DIRECTION('',(-1.,0.,0.));
#1257 = ORIENTED_EDGE('',*,*,#1220,.F.);
#1258 = ORIENTED_EDGE('',*,*,#1039,.F.);
#1259 = PLANE('',#1260);
#1260 = AXIS2_PLACEMENT_3D('',#1261,#1262,#1263);
#1261 = CARTESIAN_POINT('',(1.25,1.110223024625E-16,0.5));
#1262 = DIRECTION('',(0.,2.22044604925E-16,1.));
#1263 = DIRECTION('',(-1.,0.,0.));
#1264 = ADVANCED_FACE('',(#1265),#1276,.F.);
#1265 = FACE_BOUND('',#1266,.F.);
#1266 = EDGE_LOOP('',(#1267,#1268,#1274,#1275));
#1267 = ORIENTED_EDGE('',*,*,#1110,.T.);
#1268 = ORIENTED_EDGE('',*,*,#1269,.T.);
#1269 = EDGE_CURVE('',#1103,#1245,#1270,.T.);
#1270 = LINE('',#1271,#1272);
#1271 = CARTESIAN_POINT('',(1.25,0.1,-2.22044604925E-17));
#1272 = VECTOR('',#1273,1.);
#1273 = DIRECTION('',(0.,2.22044604925E-16,1.));
#1274 = ORIENTED_EDGE('',*,*,#1244,.F.);
#1275 = ORIENTED_EDGE('',*,*,#1031,.F.);
#1276 = PLANE('',#1277);
#1277 = AXIS2_PLACEMENT_3D('',#1278,#1279,#1280);
#1278 = CARTESIAN_POINT('',(1.25,0.,0.));
#1279 = DIRECTION('',(1.,0.,0.));
#1280 = DIRECTION('',(0.,2.22044604925E-16,1.));
#1281 = ADVANCED_FACE('',(#1282),#1300,.F.);
#1282 = FACE_BOUND('',#1283,.F.);
#1283 = EDGE_LOOP('',(#1284,#1292,#1298,#1299));
#1284 = ORIENTED_EDGE('',*,*,#1285,.T.);
#1285 = EDGE_CURVE('',#1008,#1286,#1288,.T.);
#1286 = VERTEX_POINT('',#1287);
#1287 = CARTESIAN_POINT('',(3.845326,0.1,0.5));
#1288 = LINE('',#1289,#1290);
#1289 = CARTESIAN_POINT('',(3.845326,1.110223024625E-16,0.5));
#1290 = VECTOR('',#1291,1.);
#1291 = DIRECTION('',(0.,1.,-2.22044604925E-16));
#1292 = ORIENTED_EDGE('',*,*,#1293,.T.);
#1293 = EDGE_CURVE('',#1286,#1118,#1294,.T.);
#1294 = LINE('',#1295,#1296);
#1295 = CARTESIAN_POINT('',(3.845326,0.1,0.5));
#1296 = VECTOR('',#1297,1.);
#1297 = DIRECTION('',(0.,-2.22044604925E-16,-1.));
#1298 = ORIENTED_EDGE('',*,*,#1117,.F.);
#1299 = ORIENTED_EDGE('',*,*,#1015,.F.);
#1300 = PLANE('',#1301);
#1301 = AXIS2_PLACEMENT_3D('',#1302,#1303,#1304);
#1302 = CARTESIAN_POINT('',(3.845326,1.110223024625E-16,0.5));
#1303 = DIRECTION('',(-1.,0.,0.));
#1304 = DIRECTION('',(0.,-2.22044604925E-16,-1.));
#1305 = ADVANCED_FACE('',(#1306),#1324,.F.);
#1306 = FACE_BOUND('',#1307,.F.);
#1307 = EDGE_LOOP('',(#1308,#1316,#1322,#1323));
#1308 = ORIENTED_EDGE('',*,*,#1309,.T.);
#1309 = EDGE_CURVE('',#1000,#1310,#1312,.T.);
#1310 = VERTEX_POINT('',#1311);
#1311 = CARTESIAN_POINT('',(4.25,0.1,0.5));
#1312 = LINE('',#1313,#1314);
#1313 = CARTESIAN_POINT('',(4.25,1.110223024625E-16,0.5));
#1314 = VECTOR('',#1315,1.);
#1315 = DIRECTION('',(0.,1.,-2.22044604925E-16));
#1316 = ORIENTED_EDGE('',*,*,#1317,.T.);
#1317 = EDGE_CURVE('',#1310,#1286,#1318,.T.);
#1318 = LINE('',#1319,#1320);
#1319 = CARTESIAN_POINT('',(4.25,0.1,0.5));
#1320 = VECTOR('',#1321,1.);
#1321 = DIRECTION('',(-1.,0.,0.));
#1322 = ORIENTED_EDGE('',*,*,#1285,.F.);
#1323 = ORIENTED_EDGE('',*,*,#1007,.F.);
#1324 = PLANE('',#1325);
#1325 = AXIS2_PLACEMENT_3D('',#1326,#1327,#1328);
#1326 = CARTESIAN_POINT('',(4.25,1.110223024625E-16,0.5));
#1327 = DIRECTION('',(0.,2.22044604925E-16,1.));
#1328 = DIRECTION('',(-1.,0.,0.));
#1329 = ADVANCED_FACE('',(#1330),#1341,.F.);
#1330 = FACE_BOUND('',#1331,.F.);
#1331 = EDGE_LOOP('',(#1332,#1333,#1339,#1340));
#1332 = ORIENTED_EDGE('',*,*,#1133,.T.);
#1333 = ORIENTED_EDGE('',*,*,#1334,.T.);
#1334 = EDGE_CURVE('',#1126,#1310,#1335,.T.);
#1335 = LINE('',#1336,#1337);
#1336 = CARTESIAN_POINT('',(4.25,0.1,-2.22044604925E-17));
#1337 = VECTOR('',#1338,1.);
#1338 = DIRECTION('',(0.,2.22044604925E-16,1.));
#1339 = ORIENTED_EDGE('',*,*,#1309,.F.);
#1340 = ORIENTED_EDGE('',*,*,#999,.F.);
#1341 = PLANE('',#1342);
#1342 = AXIS2_PLACEMENT_3D('',#1343,#1344,#1345);
#1343 = CARTESIAN_POINT('',(4.25,0.,0.));
#1344 = DIRECTION('',(1.,0.,0.));
#1345 = DIRECTION('',(0.,2.22044604925E-16,1.));
#1346 = ADVANCED_FACE('',(#1347),#1365,.F.);
#1347 = FACE_BOUND('',#1348,.F.);
#1348 = EDGE_LOOP('',(#1349,#1357,#1363,#1364));
#1349 = ORIENTED_EDGE('',*,*,#1350,.T.);
#1350 = EDGE_CURVE('',#976,#1351,#1353,.T.);
#1351 = VERTEX_POINT('',#1352);
#1352 = CARTESIAN_POINT('',(5.35,0.1,0.503749));
#1353 = LINE('',#1354,#1355);
#1354 = CARTESIAN_POINT('',(5.35,1.118547476864E-16,0.503749));
#1355 = VECTOR('',#1356,1.);
#1356 = DIRECTION('',(0.,1.,-2.22044604925E-16));
#1357 = ORIENTED_EDGE('',*,*,#1358,.T.);
#1358 = EDGE_CURVE('',#1351,#1141,#1359,.T.);
#1359 = LINE('',#1360,#1361);
#1360 = CARTESIAN_POINT('',(5.35,0.1,0.503749));
#1361 = VECTOR('',#1362,1.);
#1362 = DIRECTION('',(0.,-2.22044604925E-16,-1.));
#1363 = ORIENTED_EDGE('',*,*,#1140,.F.);
#1364 = ORIENTED_EDGE('',*,*,#983,.F.);
#1365 = PLANE('',#1366);
#1366 = AXIS2_PLACEMENT_3D('',#1367,#1368,#1369);
#1367 = CARTESIAN_POINT('',(5.35,1.118547476864E-16,0.503749));
#1368 = DIRECTION('',(-1.,0.,0.));
#1369 = DIRECTION('',(0.,-2.22044604925E-16,-1.));
#1370 = ADVANCED_FACE('',(#1371),#1389,.F.);
#1371 = FACE_BOUND('',#1372,.F.);
#1372 = EDGE_LOOP('',(#1373,#1381,#1387,#1388));
#1373 = ORIENTED_EDGE('',*,*,#1374,.T.);
#1374 = EDGE_CURVE('',#968,#1375,#1377,.T.);
#1375 = VERTEX_POINT('',#1376);
#1376 = CARTESIAN_POINT('',(5.75,0.1,0.503749));
#1377 = LINE('',#1378,#1379);
#1378 = CARTESIAN_POINT('',(5.75,1.118547476864E-16,0.503749));
#1379 = VECTOR('',#1380,1.);
#1380 = DIRECTION('',(0.,1.,-2.22044604925E-16));
#1381 = ORIENTED_EDGE('',*,*,#1382,.T.);
#1382 = EDGE_CURVE('',#1375,#1351,#1383,.T.);
#1383 = LINE('',#1384,#1385);
#1384 = CARTESIAN_POINT('',(5.75,0.1,0.503749));
#1385 = VECTOR('',#1386,1.);
#1386 = DIRECTION('',(-1.,0.,0.));
#1387 = ORIENTED_EDGE('',*,*,#1350,.F.);
#1388 = ORIENTED_EDGE('',*,*,#975,.F.);
#1389 = PLANE('',#1390);
#1390 = AXIS2_PLACEMENT_3D('',#1391,#1392,#1393);
#1391 = CARTESIAN_POINT('',(5.75,1.118547476864E-16,0.503749));
#1392 = DIRECTION('',(0.,2.22044604925E-16,1.));
#1393 = DIRECTION('',(-1.,0.,0.));
#1394 = ADVANCED_FACE('',(#1395),#1406,.F.);
#1395 = FACE_BOUND('',#1396,.F.);
#1396 = EDGE_LOOP('',(#1397,#1398,#1404,#1405));
#1397 = ORIENTED_EDGE('',*,*,#1156,.T.);
#1398 = ORIENTED_EDGE('',*,*,#1399,.T.);
#1399 = EDGE_CURVE('',#1149,#1375,#1400,.T.);
#1400 = LINE('',#1401,#1402);
#1401 = CARTESIAN_POINT('',(5.75,0.1,-2.22044604925E-17));
#1402 = VECTOR('',#1403,1.);
#1403 = DIRECTION('',(0.,2.22044604925E-16,1.));
#1404 = ORIENTED_EDGE('',*,*,#1374,.F.);
#1405 = ORIENTED_EDGE('',*,*,#967,.F.);
#1406 = PLANE('',#1407);
#1407 = AXIS2_PLACEMENT_3D('',#1408,#1409,#1410);
#1408 = CARTESIAN_POINT('',(5.75,0.,0.));
#1409 = DIRECTION('',(1.,0.,0.));
#1410 = DIRECTION('',(0.,2.22044604925E-16,1.));
#1411 = ADVANCED_FACE('',(#1412),#1431,.T.);
#1412 = FACE_BOUND('',#1413,.F.);
#1413 = EDGE_LOOP('',(#1414,#1415,#1424,#1430));
#1414 = ORIENTED_EDGE('',*,*,#951,.T.);
#1415 = ORIENTED_EDGE('',*,*,#1416,.T.);
#1416 = EDGE_CURVE('',#944,#1417,#1419,.T.);
#1417 = VERTEX_POINT('',#1418);
#1418 = CARTESIAN_POINT('',(6.38,1.E-01,2.7));
#1419 = CIRCLE('',#1420,0.1);
#1420 = AXIS2_PLACEMENT_3D('',#1421,#1422,#1423);
#1421 = CARTESIAN_POINT('',(6.28,0.1,2.7));
#1422 = DIRECTION('',(0.,0.,1.));
#1423 = DIRECTION('',(1.,0.,0.));
#1424 = ORIENTED_EDGE('',*,*,#1425,.F.);
#1425 = EDGE_CURVE('',#1164,#1417,#1426,.T.);
#1426 = LINE('',#1427,#1428);
#1427 = CARTESIAN_POINT('',(6.38,1.E-01,0.));
#1428 = VECTOR('',#1429,1.);
#1429 = DIRECTION('',(0.,0.,1.));
#1430 = ORIENTED_EDGE('',*,*,#1163,.F.);
#1431 = CYLINDRICAL_SURFACE('',#1432,0.1);
#1432 = AXIS2_PLACEMENT_3D('',#1433,#1434,#1435);
#1433 = CARTESIAN_POINT('',(6.28,0.1,0.));
#1434 = DIRECTION('',(-0.,-0.,-1.));
#1435 = DIRECTION('',(1.,0.,0.));
#1436 = ADVANCED_FACE('',(#1437),#1522,.T.);
#1437 = FACE_BOUND('',#1438,.T.);
#1438 = EDGE_LOOP('',(#1439,#1448,#1449,#1450,#1458,#1467,#1475,#1483,
    #1491,#1499,#1507,#1516));
#1439 = ORIENTED_EDGE('',*,*,#1440,.T.);
#1440 = EDGE_CURVE('',#1441,#936,#1443,.T.);
#1441 = VERTEX_POINT('',#1442);
#1442 = CARTESIAN_POINT('',(0.22,0.1,2.7));
#1443 = CIRCLE('',#1444,0.1);
#1444 = AXIS2_PLACEMENT_3D('',#1445,#1446,#1447);
#1445 = CARTESIAN_POINT('',(0.32,0.1,2.7));
#1446 = DIRECTION('',(0.,0.,1.));
#1447 = DIRECTION('',(1.,0.,0.));
#1448 = ORIENTED_EDGE('',*,*,#943,.T.);
#1449 = ORIENTED_EDGE('',*,*,#1416,.T.);
#1450 = ORIENTED_EDGE('',*,*,#1451,.T.);
#1451 = EDGE_CURVE('',#1417,#1452,#1454,.T.);
#1452 = VERTEX_POINT('',#1453);
#1453 = CARTESIAN_POINT('',(6.38,1.08,2.7));
#1454 = LINE('',#1455,#1456);
#1455 = CARTESIAN_POINT('',(6.38,1.E-01,2.7));
#1456 = VECTOR('',#1457,1.);
#1457 = DIRECTION('',(0.,1.,0.));
#1458 = ORIENTED_EDGE('',*,*,#1459,.T.);
#1459 = EDGE_CURVE('',#1452,#1460,#1462,.T.);
#1460 = VERTEX_POINT('',#1461);
#1461 = CARTESIAN_POINT('',(6.28,1.18,2.7));
#1462 = CIRCLE('',#1463,1.E-01);
#1463 = AXIS2_PLACEMENT_3D('',#1464,#1465,#1466);
#1464 = CARTESIAN_POINT('',(6.28,1.08,2.7));
#1465 = DIRECTION('',(0.,0.,1.));
#1466 = DIRECTION('',(1.,0.,0.));
#1467 = ORIENTED_EDGE('',*,*,#1468,.T.);
#1468 = EDGE_CURVE('',#1460,#1469,#1471,.T.);
#1469 = VERTEX_POINT('',#1470);
#1470 = CARTESIAN_POINT('',(4.8,1.18,2.7));
#1471 = LINE('',#1472,#1473);
#1472 = CARTESIAN_POINT('',(6.28,1.18,2.7));
#1473 = VECTOR('',#1474,1.);
#1474 = DIRECTION('',(-1.,0.,0.));
#1475 = ORIENTED_EDGE('',*,*,#1476,.T.);
#1476 = EDGE_CURVE('',#1469,#1477,#1479,.T.);
#1477 = VERTEX_POINT('',#1478);
#1478 = CARTESIAN_POINT('',(4.8,0.88,2.7));
#1479 = LINE('',#1480,#1481);
#1480 = CARTESIAN_POINT('',(4.8,0.735,2.7));
#1481 = VECTOR('',#1482,1.);
#1482 = DIRECTION('',(0.,-1.,0.));
#1483 = ORIENTED_EDGE('',*,*,#1484,.T.);
#1484 = EDGE_CURVE('',#1477,#1485,#1487,.T.);
#1485 = VERTEX_POINT('',#1486);
#1486 = CARTESIAN_POINT('',(1.8,0.88,2.7));
#1487 = LINE('',#1488,#1489);
#1488 = CARTESIAN_POINT('',(2.55,0.88,2.7));
#1489 = VECTOR('',#1490,1.);
#1490 = DIRECTION('',(-1.,0.,0.));
#1491 = ORIENTED_EDGE('',*,*,#1492,.T.);
#1492 = EDGE_CURVE('',#1485,#1493,#1495,.T.);
#1493 = VERTEX_POINT('',#1494);
#1494 = CARTESIAN_POINT('',(1.8,1.18,2.7));
#1495 = LINE('',#1496,#1497);
#1496 = CARTESIAN_POINT('',(1.8,0.885,2.7));
#1497 = VECTOR('',#1498,1.);
#1498 = DIRECTION('',(0.,1.,0.));
#1499 = ORIENTED_EDGE('',*,*,#1500,.T.);
#1500 = EDGE_CURVE('',#1493,#1501,#1503,.T.);
#1501 = VERTEX_POINT('',#1502);
#1502 = CARTESIAN_POINT('',(0.32,1.18,2.7));
#1503 = LINE('',#1504,#1505);
#1504 = CARTESIAN_POINT('',(6.28,1.18,2.7));
#1505 = VECTOR('',#1506,1.);
#1506 = DIRECTION('',(-1.,0.,0.));
#1507 = ORIENTED_EDGE('',*,*,#1508,.T.);
#1508 = EDGE_CURVE('',#1501,#1509,#1511,.T.);
#1509 = VERTEX_POINT('',#1510);
#1510 = CARTESIAN_POINT('',(0.22,1.08,2.7));
#1511 = CIRCLE('',#1512,1.E-01);
#1512 = AXIS2_PLACEMENT_3D('',#1513,#1514,#1515);
#1513 = CARTESIAN_POINT('',(0.32,1.08,2.7));
#1514 = DIRECTION('',(0.,0.,1.));
#1515 = DIRECTION('',(1.,0.,0.));
#1516 = ORIENTED_EDGE('',*,*,#1517,.T.);
#1517 = EDGE_CURVE('',#1509,#1441,#1518,.T.);
#1518 = LINE('',#1519,#1520);
#1519 = CARTESIAN_POINT('',(0.22,1.08,2.7));
#1520 = VECTOR('',#1521,1.);
#1521 = DIRECTION('',(0.,-1.,0.));
#1522 = PLANE('',#1523);
#1523 = AXIS2_PLACEMENT_3D('',#1524,#1525,#1526);
#1524 = CARTESIAN_POINT('',(3.3,0.59,2.7));
#1525 = DIRECTION('',(0.,0.,1.));
#1526 = DIRECTION('',(1.,0.,0.));
#1527 = ADVANCED_FACE('',(#1528),#1539,.T.);
#1528 = FACE_BOUND('',#1529,.F.);
#1529 = EDGE_LOOP('',(#1530,#1536,#1537,#1538));
#1530 = ORIENTED_EDGE('',*,*,#1531,.T.);
#1531 = EDGE_CURVE('',#1085,#1441,#1532,.T.);
#1532 = LINE('',#1533,#1534);
#1533 = CARTESIAN_POINT('',(0.22,0.1,0.));
#1534 = VECTOR('',#1535,1.);
#1535 = DIRECTION('',(0.,0.,1.));
#1536 = ORIENTED_EDGE('',*,*,#1440,.T.);
#1537 = ORIENTED_EDGE('',*,*,#935,.F.);
#1538 = ORIENTED_EDGE('',*,*,#1084,.F.);
#1539 = CYLINDRICAL_SURFACE('',#1540,0.1);
#1540 = AXIS2_PLACEMENT_3D('',#1541,#1542,#1543);
#1541 = CARTESIAN_POINT('',(0.32,0.1,0.));
#1542 = DIRECTION('',(-0.,-0.,-1.));
#1543 = DIRECTION('',(1.,0.,0.));
#1544 = ADVANCED_FACE('',(#1545),#1564,.T.);
#1545 = FACE_BOUND('',#1546,.F.);
#1546 = EDGE_LOOP('',(#1547,#1555,#1562,#1563));
#1547 = ORIENTED_EDGE('',*,*,#1548,.T.);
#1548 = EDGE_CURVE('',#1059,#1549,#1551,.T.);
#1549 = VERTEX_POINT('',#1550);
#1550 = CARTESIAN_POINT('',(5.25,-0.4,1.25));
#1551 = LINE('',#1552,#1553);
#1552 = CARTESIAN_POINT('',(5.25,2.775557561563E-16,1.25));
#1553 = VECTOR('',#1554,1.);
#1554 = DIRECTION('',(0.,-1.,2.22044604925E-16));
#1555 = ORIENTED_EDGE('',*,*,#1556,.T.);
#1556 = EDGE_CURVE('',#1549,#1549,#1557,.T.);
#1557 = CIRCLE('',#1558,0.45);
#1558 = AXIS2_PLACEMENT_3D('',#1559,#1560,#1561);
#1559 = CARTESIAN_POINT('',(4.8,-0.4,1.25));
#1560 = DIRECTION('',(0.,-1.,0.));
#1561 = DIRECTION('',(1.,0.,4.93432455389E-16));
#1562 = ORIENTED_EDGE('',*,*,#1548,.F.);
#1563 = ORIENTED_EDGE('',*,*,#1058,.F.);
#1564 = CYLINDRICAL_SURFACE('',#1565,0.45);
#1565 = AXIS2_PLACEMENT_3D('',#1566,#1567,#1568);
#1566 = CARTESIAN_POINT('',(4.8,2.775557561563E-16,1.25));
#1567 = DIRECTION('',(0.,1.,-2.22044604925E-16));
#1568 = DIRECTION('',(1.,0.,0.));
#1569 = ADVANCED_FACE('',(#1570),#1581,.F.);
#1570 = FACE_BOUND('',#1571,.F.);
#1571 = EDGE_LOOP('',(#1572,#1578,#1579,#1580));
#1572 = ORIENTED_EDGE('',*,*,#1573,.T.);
#1573 = EDGE_CURVE('',#1198,#1509,#1574,.T.);
#1574 = LINE('',#1575,#1576);
#1575 = CARTESIAN_POINT('',(0.22,1.08,0.));
#1576 = VECTOR('',#1577,1.);
#1577 = DIRECTION('',(0.,0.,1.));
#1578 = ORIENTED_EDGE('',*,*,#1517,.T.);
#1579 = ORIENTED_EDGE('',*,*,#1531,.F.);
#1580 = ORIENTED_EDGE('',*,*,#1206,.F.);
#1581 = PLANE('',#1582);
#1582 = AXIS2_PLACEMENT_3D('',#1583,#1584,#1585);
#1583 = CARTESIAN_POINT('',(0.22,1.08,0.));
#1584 = DIRECTION('',(1.,0.,0.));
#1585 = DIRECTION('',(0.,-1.,0.));
#1586 = ADVANCED_FACE('',(#1587),#1598,.T.);
#1587 = FACE_BOUND('',#1588,.F.);
#1588 = EDGE_LOOP('',(#1589,#1595,#1596,#1597));
#1589 = ORIENTED_EDGE('',*,*,#1590,.T.);
#1590 = EDGE_CURVE('',#1190,#1501,#1591,.T.);
#1591 = LINE('',#1592,#1593);
#1592 = CARTESIAN_POINT('',(0.32,1.18,0.));
#1593 = VECTOR('',#1594,1.);
#1594 = DIRECTION('',(0.,0.,1.));
#1595 = ORIENTED_EDGE('',*,*,#1508,.T.);
#1596 = ORIENTED_EDGE('',*,*,#1573,.F.);
#1597 = ORIENTED_EDGE('',*,*,#1197,.F.);
#1598 = CYLINDRICAL_SURFACE('',#1599,1.E-01);
#1599 = AXIS2_PLACEMENT_3D('',#1600,#1601,#1602);
#1600 = CARTESIAN_POINT('',(0.32,1.08,0.));
#1601 = DIRECTION('',(-0.,-0.,-1.));
#1602 = DIRECTION('',(1.,0.,0.));
#1603 = ADVANCED_FACE('',(#1604),#1638,.F.);
#1604 = FACE_BOUND('',#1605,.F.);
#1605 = EDGE_LOOP('',(#1606,#1607,#1613,#1614,#1622,#1630,#1636,#1637));
#1606 = ORIENTED_EDGE('',*,*,#1189,.F.);
#1607 = ORIENTED_EDGE('',*,*,#1608,.T.);
#1608 = EDGE_CURVE('',#1181,#1460,#1609,.T.);
#1609 = LINE('',#1610,#1611);
#1610 = CARTESIAN_POINT('',(6.28,1.18,0.));
#1611 = VECTOR('',#1612,1.);
#1612 = DIRECTION('',(0.,0.,1.));
#1613 = ORIENTED_EDGE('',*,*,#1468,.T.);
#1614 = ORIENTED_EDGE('',*,*,#1615,.F.);
#1615 = EDGE_CURVE('',#1616,#1469,#1618,.T.);
#1616 = VERTEX_POINT('',#1617);
#1617 = CARTESIAN_POINT('',(4.8,1.18,1.));
#1618 = LINE('',#1619,#1620);
#1619 = CARTESIAN_POINT('',(4.8,1.18,1.));
#1620 = VECTOR('',#1621,1.);
#1621 = DIRECTION('',(0.,0.,1.));
#1622 = ORIENTED_EDGE('',*,*,#1623,.T.);
#1623 = EDGE_CURVE('',#1616,#1624,#1626,.T.);
#1624 = VERTEX_POINT('',#1625);
#1625 = CARTESIAN_POINT('',(1.8,1.18,1.));
#1626 = LINE('',#1627,#1628);
#1627 = CARTESIAN_POINT('',(4.8,1.18,1.));
#1628 = VECTOR('',#1629,1.);
#1629 = DIRECTION('',(-1.,0.,0.));
#1630 = ORIENTED_EDGE('',*,*,#1631,.T.);
#1631 = EDGE_CURVE('',#1624,#1493,#1632,.T.);
#1632 = LINE('',#1633,#1634);
#1633 = CARTESIAN_POINT('',(1.8,1.18,1.));
#1634 = VECTOR('',#1635,1.);
#1635 = DIRECTION('',(0.,0.,1.));
#1636 = ORIENTED_EDGE('',*,*,#1500,.T.);
#1637 = ORIENTED_EDGE('',*,*,#1590,.F.);
#1638 = PLANE('',#1639);
#1639 = AXIS2_PLACEMENT_3D('',#1640,#1641,#1642);
#1640 = CARTESIAN_POINT('',(6.28,1.18,0.));
#1641 = DIRECTION('',(0.,-1.,0.));
#1642 = DIRECTION('',(-1.,0.,0.));
#1643 = ADVANCED_FACE('',(#1644),#1655,.T.);
#1644 = FACE_BOUND('',#1645,.F.);
#1645 = EDGE_LOOP('',(#1646,#1652,#1653,#1654));
#1646 = ORIENTED_EDGE('',*,*,#1647,.T.);
#1647 = EDGE_CURVE('',#1173,#1452,#1648,.T.);
#1648 = LINE('',#1649,#1650);
#1649 = CARTESIAN_POINT('',(6.38,1.08,0.));
#1650 = VECTOR('',#1651,1.);
#1651 = DIRECTION('',(0.,0.,1.));
#1652 = ORIENTED_EDGE('',*,*,#1459,.T.);
#1653 = ORIENTED_EDGE('',*,*,#1608,.F.);
#1654 = ORIENTED_EDGE('',*,*,#1180,.F.);
#1655 = CYLINDRICAL_SURFACE('',#1656,1.E-01);
#1656 = AXIS2_PLACEMENT_3D('',#1657,#1658,#1659);
#1657 = CARTESIAN_POINT('',(6.28,1.08,0.));
#1658 = DIRECTION('',(-0.,-0.,-1.));
#1659 = DIRECTION('',(1.,0.,0.));
#1660 = ADVANCED_FACE('',(#1661),#1667,.F.);
#1661 = FACE_BOUND('',#1662,.F.);
#1662 = EDGE_LOOP('',(#1663,#1664,#1665,#1666));
#1663 = ORIENTED_EDGE('',*,*,#1425,.T.);
#1664 = ORIENTED_EDGE('',*,*,#1451,.T.);
#1665 = ORIENTED_EDGE('',*,*,#1647,.F.);
#1666 = ORIENTED_EDGE('',*,*,#1172,.F.);
#1667 = PLANE('',#1668);
#1668 = AXIS2_PLACEMENT_3D('',#1669,#1670,#1671);
#1669 = CARTESIAN_POINT('',(6.38,1.E-01,0.));
#1670 = DIRECTION('',(-1.,0.,0.));
#1671 = DIRECTION('',(0.,1.,0.));
#1672 = ADVANCED_FACE('',(#1673),#1679,.F.);
#1673 = FACE_BOUND('',#1674,.T.);
#1674 = EDGE_LOOP('',(#1675,#1676,#1677,#1678));
#1675 = ORIENTED_EDGE('',*,*,#1148,.T.);
#1676 = ORIENTED_EDGE('',*,*,#1399,.T.);
#1677 = ORIENTED_EDGE('',*,*,#1382,.T.);
#1678 = ORIENTED_EDGE('',*,*,#1358,.T.);
#1679 = PLANE('',#1680);
#1680 = AXIS2_PLACEMENT_3D('',#1681,#1682,#1683);
#1681 = CARTESIAN_POINT('',(3.552850654001,0.1,0.25062548483));
#1682 = DIRECTION('',(0.,1.,-2.22044604925E-16));
#1683 = DIRECTION('',(0.,2.22044604925E-16,1.));
#1684 = ADVANCED_FACE('',(#1685),#1691,.F.);
#1685 = FACE_BOUND('',#1686,.T.);
#1686 = EDGE_LOOP('',(#1687,#1688,#1689,#1690));
#1687 = ORIENTED_EDGE('',*,*,#1125,.T.);
#1688 = ORIENTED_EDGE('',*,*,#1334,.T.);
#1689 = ORIENTED_EDGE('',*,*,#1317,.T.);
#1690 = ORIENTED_EDGE('',*,*,#1293,.T.);
#1691 = PLANE('',#1692);
#1692 = AXIS2_PLACEMENT_3D('',#1693,#1694,#1695);
#1693 = CARTESIAN_POINT('',(3.552850654001,0.1,0.25062548483));
#1694 = DIRECTION('',(0.,1.,-2.22044604925E-16));
#1695 = DIRECTION('',(0.,2.22044604925E-16,1.));
#1696 = ADVANCED_FACE('',(#1697),#1703,.F.);
#1697 = FACE_BOUND('',#1698,.T.);
#1698 = EDGE_LOOP('',(#1699,#1700,#1701,#1702));
#1699 = ORIENTED_EDGE('',*,*,#1228,.T.);
#1700 = ORIENTED_EDGE('',*,*,#1102,.T.);
#1701 = ORIENTED_EDGE('',*,*,#1269,.T.);
#1702 = ORIENTED_EDGE('',*,*,#1252,.T.);
#1703 = PLANE('',#1704);
#1704 = AXIS2_PLACEMENT_3D('',#1705,#1706,#1707);
#1705 = CARTESIAN_POINT('',(3.552850654001,0.1,0.25062548483));
#1706 = DIRECTION('',(0.,1.,-2.22044604925E-16));
#1707 = DIRECTION('',(0.,2.22044604925E-16,1.));
#1708 = ADVANCED_FACE('',(#1709),#1727,.T.);
#1709 = FACE_BOUND('',#1710,.T.);
#1710 = EDGE_LOOP('',(#1711,#1719,#1720,#1721));
#1711 = ORIENTED_EDGE('',*,*,#1712,.F.);
#1712 = EDGE_CURVE('',#1624,#1713,#1715,.T.);
#1713 = VERTEX_POINT('',#1714);
#1714 = CARTESIAN_POINT('',(1.8,0.88,1.));
#1715 = LINE('',#1716,#1717);
#1716 = CARTESIAN_POINT('',(1.8,1.18,1.));
#1717 = VECTOR('',#1718,1.);
#1718 = DIRECTION('',(0.,-1.,0.));
#1719 = ORIENTED_EDGE('',*,*,#1631,.T.);
#1720 = ORIENTED_EDGE('',*,*,#1492,.F.);
#1721 = ORIENTED_EDGE('',*,*,#1722,.F.);
#1722 = EDGE_CURVE('',#1713,#1485,#1723,.T.);
#1723 = LINE('',#1724,#1725);
#1724 = CARTESIAN_POINT('',(1.8,0.88,1.));
#1725 = VECTOR('',#1726,1.);
#1726 = DIRECTION('',(0.,0.,1.));
#1727 = PLANE('',#1728);
#1728 = AXIS2_PLACEMENT_3D('',#1729,#1730,#1731);
#1729 = CARTESIAN_POINT('',(1.8,1.18,1.));
#1730 = DIRECTION('',(1.,0.,0.));
#1731 = DIRECTION('',(0.,-1.,0.));
#1732 = ADVANCED_FACE('',(#1733),#1751,.T.);
#1733 = FACE_BOUND('',#1734,.T.);
#1734 = EDGE_LOOP('',(#1735,#1743,#1744,#1745));
#1735 = ORIENTED_EDGE('',*,*,#1736,.F.);
#1736 = EDGE_CURVE('',#1713,#1737,#1739,.T.);
#1737 = VERTEX_POINT('',#1738);
#1738 = CARTESIAN_POINT('',(4.8,0.88,1.));
#1739 = LINE('',#1740,#1741);
#1740 = CARTESIAN_POINT('',(1.8,0.88,1.));
#1741 = VECTOR('',#1742,1.);
#1742 = DIRECTION('',(1.,0.,0.));
#1743 = ORIENTED_EDGE('',*,*,#1722,.T.);
#1744 = ORIENTED_EDGE('',*,*,#1484,.F.);
#1745 = ORIENTED_EDGE('',*,*,#1746,.F.);
#1746 = EDGE_CURVE('',#1737,#1477,#1747,.T.);
#1747 = LINE('',#1748,#1749);
#1748 = CARTESIAN_POINT('',(4.8,0.88,1.));
#1749 = VECTOR('',#1750,1.);
#1750 = DIRECTION('',(0.,0.,1.));
#1751 = PLANE('',#1752);
#1752 = AXIS2_PLACEMENT_3D('',#1753,#1754,#1755);
#1753 = CARTESIAN_POINT('',(1.8,0.88,1.));
#1754 = DIRECTION('',(0.,1.,0.));
#1755 = DIRECTION('',(1.,0.,0.));
#1756 = ADVANCED_FACE('',(#1757),#1768,.T.);
#1757 = FACE_BOUND('',#1758,.T.);
#1758 = EDGE_LOOP('',(#1759,#1765,#1766,#1767));
#1759 = ORIENTED_EDGE('',*,*,#1760,.F.);
#1760 = EDGE_CURVE('',#1737,#1616,#1761,.T.);
#1761 = LINE('',#1762,#1763);
#1762 = CARTESIAN_POINT('',(4.8,0.88,1.));
#1763 = VECTOR('',#1764,1.);
#1764 = DIRECTION('',(0.,1.,0.));
#1765 = ORIENTED_EDGE('',*,*,#1746,.T.);
#1766 = ORIENTED_EDGE('',*,*,#1476,.F.);
#1767 = ORIENTED_EDGE('',*,*,#1615,.F.);
#1768 = PLANE('',#1769);
#1769 = AXIS2_PLACEMENT_3D('',#1770,#1771,#1772);
#1770 = CARTESIAN_POINT('',(4.8,0.88,1.));
#1771 = DIRECTION('',(-1.,0.,0.));
#1772 = DIRECTION('',(0.,1.,0.));
#1773 = ADVANCED_FACE('',(#1774),#1793,.T.);
#1774 = FACE_BOUND('',#1775,.T.);
#1775 = EDGE_LOOP('',(#1776,#1784,#1785,#1786));
#1776 = ORIENTED_EDGE('',*,*,#1777,.F.);
#1777 = EDGE_CURVE('',#1549,#1778,#1780,.T.);
#1778 = VERTEX_POINT('',#1779);
#1779 = CARTESIAN_POINT('',(5.15,-0.5,1.25));
#1780 = LINE('',#1781,#1782);
#1781 = CARTESIAN_POINT('',(5.25,-0.4,1.25));
#1782 = VECTOR('',#1783,1.);
#1783 = DIRECTION('',(-0.707106781187,-0.707106781187,0.));
#1784 = ORIENTED_EDGE('',*,*,#1556,.T.);
#1785 = ORIENTED_EDGE('',*,*,#1777,.T.);
#1786 = ORIENTED_EDGE('',*,*,#1787,.F.);
#1787 = EDGE_CURVE('',#1778,#1778,#1788,.T.);
#1788 = CIRCLE('',#1789,0.35);
#1789 = AXIS2_PLACEMENT_3D('',#1790,#1791,#1792);
#1790 = CARTESIAN_POINT('',(4.8,-0.5,1.25));
#1791 = DIRECTION('',(0.,-1.,0.));
#1792 = DIRECTION('',(1.,0.,4.93432455389E-16));
#1793 = CONICAL_SURFACE('',#1794,0.45,0.785398163397);
#1794 = AXIS2_PLACEMENT_3D('',#1795,#1796,#1797);
#1795 = CARTESIAN_POINT('',(4.8,-0.4,1.25));
#1796 = DIRECTION('',(0.,1.,0.));
#1797 = DIRECTION('',(1.,0.,4.93432455389E-16));
#1798 = ADVANCED_FACE('',(#1799),#1805,.T.);
#1799 = FACE_BOUND('',#1800,.T.);
#1800 = EDGE_LOOP('',(#1801,#1802,#1803,#1804));
#1801 = ORIENTED_EDGE('',*,*,#1623,.T.);
#1802 = ORIENTED_EDGE('',*,*,#1712,.T.);
#1803 = ORIENTED_EDGE('',*,*,#1736,.T.);
#1804 = ORIENTED_EDGE('',*,*,#1760,.T.);
#1805 = PLANE('',#1806);
#1806 = AXIS2_PLACEMENT_3D('',#1807,#1808,#1809);
#1807 = CARTESIAN_POINT('',(3.3,1.03,1.));
#1808 = DIRECTION('',(0.,0.,1.));
#1809 = DIRECTION('',(1.,0.,0.));
#1810 = ADVANCED_FACE('',(#1811),#1814,.F.);
#1811 = FACE_BOUND('',#1812,.F.);
#1812 = EDGE_LOOP('',(#1813));
#1813 = ORIENTED_EDGE('',*,*,#1787,.F.);
#1814 = PLANE('',#1815);
#1815 = AXIS2_PLACEMENT_3D('',#1816,#1817,#1818);
#1816 = CARTESIAN_POINT('',(3.3,-0.5,1.25));
#1817 = DIRECTION('',(0.,1.,0.));
#1818 = DIRECTION('',(0.,0.,1.));
#1819 = ( GEOMETRIC_REPRESENTATION_CONTEXT(3) 
GLOBAL_UNCERTAINTY_ASSIGNED_CONTEXT((#1823)) 
GLOBAL_UNIT_ASSIGNED_CONTEXT((#1820,#1821,#1822)) REPRESENTATION_CONTEXT
('Context #1','3D Context with UNIT and UNCERTAINTY') );
#1820 = ( LENGTH_UNIT() NAMED_UNIT(*) SI_UNIT(.MILLI.,.METRE.) );
#1821 = ( NAMED_UNIT(*) PLANE_ANGLE_UNIT() SI_UNIT($,.RADIAN.) );
#1822 = ( NAMED_UNIT(*) SI_UNIT($,.STERADIAN.) SOLID_ANGLE_UNIT() );
#1823 = UNCERTAINTY_MEASURE_WITH_UNIT(LENGTH_MEASURE(2.E-07),#1820,
  'distance_accuracy_value','confusion accuracy');
#1824 = CONTEXT_DEPENDENT_SHAPE_REPRESENTATION(#1825,#1827);
#1825 = ( REPRESENTATION_RELATIONSHIP('','',#860,#10) 
REPRESENTATION_RELATIONSHIP_WITH_TRANSFORMATION(#1826) 
SHAPE_REPRESENTATION_RELATIONSHIP() );
#1826 = ITEM_DEFINED_TRANSFORMATION('','',#11,#31);
#1827 = PRODUCT_DEFINITION_SHAPE('Placement','Placement of an item',
  #1828);
#1828 = NEXT_ASSEMBLY_USAGE_OCCURRENCE('23','Body-Plastic','',#5,#855,$
  );
#1829 = PRODUCT_RELATED_PRODUCT_CATEGORY('part',$,(#857));
#1830 = SHAPE_DEFINITION_REPRESENTATION(#1831,#1837);
#1831 = PRODUCT_DEFINITION_SHAPE('','',#1832);
#1832 = PRODUCT_DEFINITION('design','',#1833,#1836);
#1833 = PRODUCT_DEFINITION_FORMATION('','',#1834);
#1834 = PRODUCT('Shield','Shield','',(#1835));
#1835 = PRODUCT_CONTEXT('',#2,'mechanical');
#1836 = PRODUCT_DEFINITION_CONTEXT('part definition',#2,'design');
#1837 = ADVANCED_BREP_SHAPE_REPRESENTATION('',(#11,#1838),#3596);
#1838 = MANIFOLD_SOLID_BREP('',#1839);
#1839 = CLOSED_SHELL('',(#1840,#1944,#2009,#2033,#2091,#2116,#2173,#2197
    ,#2255,#2280,#2337,#2361,#2419,#2436,#2453,#2470,#2487,#2504,#2534,
    #2615,#2639,#2718,#2730,#2747,#2764,#2781,#2798,#2810,#2827,#2844,
    #2895,#2920,#2968,#2985,#2997,#3014,#3095,#3119,#3193,#3210,#3261,
    #3312,#3337,#3385,#3402,#3453,#3470,#3487,#3504,#3521,#3538,#3550,
    #3567,#3584));
#1840 = ADVANCED_FACE('',(#1841),#1939,.F.);
#1841 = FACE_BOUND('',#1842,.F.);
#1842 = EDGE_LOOP('',(#1843,#1853,#1861,#1869,#1877,#1885,#1893,#1901,
    #1909,#1917,#1925,#1933));
#1843 = ORIENTED_EDGE('',*,*,#1844,.F.);
#1844 = EDGE_CURVE('',#1845,#1847,#1849,.T.);
#1845 = VERTEX_POINT('',#1846);
#1846 = CARTESIAN_POINT('',(6.6,0.28,0.));
#1847 = VERTEX_POINT('',#1848);
#1848 = CARTESIAN_POINT('',(6.6,0.85,-9.436895709314E-17));
#1849 = LINE('',#1850,#1851);
#1850 = CARTESIAN_POINT('',(6.6,0.28,0.));
#1851 = VECTOR('',#1852,1.);
#1852 = DIRECTION('',(0.,1.,0.));
#1853 = ORIENTED_EDGE('',*,*,#1854,.T.);
#1854 = EDGE_CURVE('',#1845,#1855,#1857,.T.);
#1855 = VERTEX_POINT('',#1856);
#1856 = CARTESIAN_POINT('',(6.6,0.28,0.4));
#1857 = LINE('',#1858,#1859);
#1858 = CARTESIAN_POINT('',(6.6,0.28,0.));
#1859 = VECTOR('',#1860,1.);
#1860 = DIRECTION('',(0.,0.,1.));
#1861 = ORIENTED_EDGE('',*,*,#1862,.F.);
#1862 = EDGE_CURVE('',#1863,#1855,#1865,.T.);
#1863 = VERTEX_POINT('',#1864);
#1864 = CARTESIAN_POINT('',(6.6,0.3,0.4));
#1865 = LINE('',#1866,#1867);
#1866 = CARTESIAN_POINT('',(6.6,0.14,0.4));
#1867 = VECTOR('',#1868,1.);
#1868 = DIRECTION('',(0.,-1.,2.22044604925E-16));
#1869 = ORIENTED_EDGE('',*,*,#1870,.F.);
#1870 = EDGE_CURVE('',#1871,#1863,#1873,.T.);
#1871 = VERTEX_POINT('',#1872);
#1872 = CARTESIAN_POINT('',(6.6,0.3,2.2));
#1873 = LINE('',#1874,#1875);
#1874 = CARTESIAN_POINT('',(6.6,0.3,0.65));
#1875 = VECTOR('',#1876,1.);
#1876 = DIRECTION('',(0.,0.,-1.));
#1877 = ORIENTED_EDGE('',*,*,#1878,.F.);
#1878 = EDGE_CURVE('',#1879,#1871,#1881,.T.);
#1879 = VERTEX_POINT('',#1880);
#1880 = CARTESIAN_POINT('',(6.6,0.28,2.2));
#1881 = LINE('',#1882,#1883);
#1882 = CARTESIAN_POINT('',(6.6,0.14,2.2));
#1883 = VECTOR('',#1884,1.);
#1884 = DIRECTION('',(0.,1.,-2.22044604925E-16));
#1885 = ORIENTED_EDGE('',*,*,#1886,.T.);
#1886 = EDGE_CURVE('',#1879,#1887,#1889,.T.);
#1887 = VERTEX_POINT('',#1888);
#1888 = CARTESIAN_POINT('',(6.6,0.28,2.7));
#1889 = LINE('',#1890,#1891);
#1890 = CARTESIAN_POINT('',(6.6,0.28,0.));
#1891 = VECTOR('',#1892,1.);
#1892 = DIRECTION('',(0.,0.,1.));
#1893 = ORIENTED_EDGE('',*,*,#1894,.T.);
#1894 = EDGE_CURVE('',#1887,#1895,#1897,.T.);
#1895 = VERTEX_POINT('',#1896);
#1896 = CARTESIAN_POINT('',(6.6,0.85,2.7));
#1897 = LINE('',#1898,#1899);
#1898 = CARTESIAN_POINT('',(6.6,0.28,2.7));
#1899 = VECTOR('',#1900,1.);
#1900 = DIRECTION('',(0.,1.,0.));
#1901 = ORIENTED_EDGE('',*,*,#1902,.T.);
#1902 = EDGE_CURVE('',#1895,#1903,#1905,.T.);
#1903 = VERTEX_POINT('',#1904);
#1904 = CARTESIAN_POINT('',(6.6,0.85,2.05));
#1905 = LINE('',#1906,#1907);
#1906 = CARTESIAN_POINT('',(6.6,0.85,0.796746984743));
#1907 = VECTOR('',#1908,1.);
#1908 = DIRECTION('',(0.,0.,-1.));
#1909 = ORIENTED_EDGE('',*,*,#1910,.T.);
#1910 = EDGE_CURVE('',#1903,#1911,#1913,.T.);
#1911 = VERTEX_POINT('',#1912);
#1912 = CARTESIAN_POINT('',(6.6,1.06989,2.05));
#1913 = LINE('',#1914,#1915);
#1914 = CARTESIAN_POINT('',(6.6,2.64,2.05));
#1915 = VECTOR('',#1916,1.);
#1916 = DIRECTION('',(0.,1.,-2.22044604925E-16));
#1917 = ORIENTED_EDGE('',*,*,#1918,.F.);
#1918 = EDGE_CURVE('',#1919,#1911,#1921,.T.);
#1919 = VERTEX_POINT('',#1920);
#1920 = CARTESIAN_POINT('',(6.6,1.06989,0.65));
#1921 = LINE('',#1922,#1923);
#1922 = CARTESIAN_POINT('',(6.6,1.06989,0.));
#1923 = VECTOR('',#1924,1.);
#1924 = DIRECTION('',(0.,0.,1.));
#1925 = ORIENTED_EDGE('',*,*,#1926,.T.);
#1926 = EDGE_CURVE('',#1919,#1927,#1929,.T.);
#1927 = VERTEX_POINT('',#1928);
#1928 = CARTESIAN_POINT('',(6.6,0.85,0.65));
#1929 = LINE('',#1930,#1931);
#1930 = CARTESIAN_POINT('',(6.6,2.64,0.65));
#1931 = VECTOR('',#1932,1.);
#1932 = DIRECTION('',(0.,-1.,2.22044604925E-16));
#1933 = ORIENTED_EDGE('',*,*,#1934,.T.);
#1934 = EDGE_CURVE('',#1927,#1847,#1935,.T.);
#1935 = LINE('',#1936,#1937);
#1936 = CARTESIAN_POINT('',(6.6,0.85,0.796746984743));
#1937 = VECTOR('',#1938,1.);
#1938 = DIRECTION('',(0.,0.,-1.));
#1939 = PLANE('',#1940);
#1940 = AXIS2_PLACEMENT_3D('',#1941,#1942,#1943);
#1941 = CARTESIAN_POINT('',(6.6,0.28,0.));
#1942 = DIRECTION('',(-1.,0.,0.));
#1943 = DIRECTION('',(0.,1.,0.));
#1944 = ADVANCED_FACE('',(#1945),#2004,.F.);
#1945 = FACE_BOUND('',#1946,.F.);
#1946 = EDGE_LOOP('',(#1947,#1956,#1957,#1965,#1973,#1982,#1990,#1998));
#1947 = ORIENTED_EDGE('',*,*,#1948,.F.);
#1948 = EDGE_CURVE('',#1845,#1949,#1951,.T.);
#1949 = VERTEX_POINT('',#1950);
#1950 = CARTESIAN_POINT('',(6.68,0.2,0.));
#1951 = CIRCLE('',#1952,8.E-02);
#1952 = AXIS2_PLACEMENT_3D('',#1953,#1954,#1955);
#1953 = CARTESIAN_POINT('',(6.68,0.28,0.));
#1954 = DIRECTION('',(0.,0.,1.));
#1955 = DIRECTION('',(1.,0.,0.));
#1956 = ORIENTED_EDGE('',*,*,#1844,.T.);
#1957 = ORIENTED_EDGE('',*,*,#1958,.F.);
#1958 = EDGE_CURVE('',#1959,#1847,#1961,.T.);
#1959 = VERTEX_POINT('',#1960);
#1960 = CARTESIAN_POINT('',(6.4,0.85,-9.436895709314E-17));
#1961 = LINE('',#1962,#1963);
#1962 = CARTESIAN_POINT('',(6.0496565,0.85,-1.887379141863E-16));
#1963 = VECTOR('',#1964,1.);
#1964 = DIRECTION('',(1.,0.,0.));
#1965 = ORIENTED_EDGE('',*,*,#1966,.T.);
#1966 = EDGE_CURVE('',#1959,#1967,#1969,.T.);
#1967 = VERTEX_POINT('',#1968);
#1968 = CARTESIAN_POINT('',(6.4,0.28,0.));
#1969 = LINE('',#1970,#1971);
#1970 = CARTESIAN_POINT('',(6.4,1.069892,0.));
#1971 = VECTOR('',#1972,1.);
#1972 = DIRECTION('',(0.,-1.,0.));
#1973 = ORIENTED_EDGE('',*,*,#1974,.T.);
#1974 = EDGE_CURVE('',#1967,#1975,#1977,.T.);
#1975 = VERTEX_POINT('',#1976);
#1976 = CARTESIAN_POINT('',(6.68,5.551115123126E-17,0.));
#1977 = CIRCLE('',#1978,0.28);
#1978 = AXIS2_PLACEMENT_3D('',#1979,#1980,#1981);
#1979 = CARTESIAN_POINT('',(6.68,0.28,0.));
#1980 = DIRECTION('',(0.,0.,1.));
#1981 = DIRECTION('',(1.,0.,0.));
#1982 = ORIENTED_EDGE('',*,*,#1983,.F.);
#1983 = EDGE_CURVE('',#1984,#1975,#1986,.T.);
#1984 = VERTEX_POINT('',#1985);
#1985 = CARTESIAN_POINT('',(7.2,5.551115123126E-17,0.));
#1986 = LINE('',#1987,#1988);
#1987 = CARTESIAN_POINT('',(7.2,5.551115123126E-17,0.));
#1988 = VECTOR('',#1989,1.);
#1989 = DIRECTION('',(-1.,0.,0.));
#1990 = ORIENTED_EDGE('',*,*,#1991,.T.);
#1991 = EDGE_CURVE('',#1984,#1992,#1994,.T.);
#1992 = VERTEX_POINT('',#1993);
#1993 = CARTESIAN_POINT('',(7.2,0.2,0.));
#1994 = LINE('',#1995,#1996);
#1995 = CARTESIAN_POINT('',(7.2,5.551115123126E-17,0.));
#1996 = VECTOR('',#1997,1.);
#1997 = DIRECTION('',(0.,1.,0.));
#1998 = ORIENTED_EDGE('',*,*,#1999,.T.);
#1999 = EDGE_CURVE('',#1992,#1949,#2000,.T.);
#2000 = LINE('',#2001,#2002);
#2001 = CARTESIAN_POINT('',(7.2,0.2,0.));
#2002 = VECTOR('',#2003,1.);
#2003 = DIRECTION('',(-1.,0.,0.));
#2004 = PLANE('',#2005);
#2005 = AXIS2_PLACEMENT_3D('',#2006,#2007,#2008);
#2006 = CARTESIAN_POINT('',(3.300575872707,0.984227573633,0.));
#2007 = DIRECTION('',(0.,0.,1.));
#2008 = DIRECTION('',(1.,0.,0.));
#2009 = ADVANCED_FACE('',(#2010),#2028,.T.);
#2010 = FACE_BOUND('',#2011,.T.);
#2011 = EDGE_LOOP('',(#2012,#2013,#2021,#2027));
#2012 = ORIENTED_EDGE('',*,*,#1958,.F.);
#2013 = ORIENTED_EDGE('',*,*,#2014,.T.);
#2014 = EDGE_CURVE('',#1959,#2015,#2017,.T.);
#2015 = VERTEX_POINT('',#2016);
#2016 = CARTESIAN_POINT('',(6.4,0.85,0.65));
#2017 = LINE('',#2018,#2019);
#2018 = CARTESIAN_POINT('',(6.4,0.85,0.796746984743));
#2019 = VECTOR('',#2020,1.);
#2020 = DIRECTION('',(0.,0.,1.));
#2021 = ORIENTED_EDGE('',*,*,#2022,.F.);
#2022 = EDGE_CURVE('',#1927,#2015,#2023,.T.);
#2023 = LINE('',#2024,#2025);
#2024 = CARTESIAN_POINT('',(6.97513,0.85,0.65));
#2025 = VECTOR('',#2026,1.);
#2026 = DIRECTION('',(-1.,0.,0.));
#2027 = ORIENTED_EDGE('',*,*,#1934,.T.);
#2028 = PLANE('',#2029);
#2029 = AXIS2_PLACEMENT_3D('',#2030,#2031,#2032);
#2030 = CARTESIAN_POINT('',(3.083000318785,0.85,1.593493969486));
#2031 = DIRECTION('',(0.,1.,0.));
#2032 = DIRECTION('',(0.,0.,1.));
#2033 = ADVANCED_FACE('',(#2034),#2086,.T.);
#2034 = FACE_BOUND('',#2035,.T.);
#2035 = EDGE_LOOP('',(#2036,#2037,#2038,#2046,#2055,#2063,#2071,#2079));
#2036 = ORIENTED_EDGE('',*,*,#1926,.T.);
#2037 = ORIENTED_EDGE('',*,*,#2022,.T.);
#2038 = ORIENTED_EDGE('',*,*,#2039,.T.);
#2039 = EDGE_CURVE('',#2015,#2040,#2042,.T.);
#2040 = VERTEX_POINT('',#2041);
#2041 = CARTESIAN_POINT('',(6.4,1.069892,0.65));
#2042 = LINE('',#2043,#2044);
#2043 = CARTESIAN_POINT('',(6.4,3.034946,0.65));
#2044 = VECTOR('',#2045,1.);
#2045 = DIRECTION('',(0.,1.,-2.22044604925E-16));
#2046 = ORIENTED_EDGE('',*,*,#2047,.F.);
#2047 = EDGE_CURVE('',#2048,#2040,#2050,.T.);
#2048 = VERTEX_POINT('',#2049);
#2049 = CARTESIAN_POINT('',(6.269892,1.2,0.65));
#2050 = CIRCLE('',#2051,0.130108);
#2051 = AXIS2_PLACEMENT_3D('',#2052,#2053,#2054);
#2052 = CARTESIAN_POINT('',(6.269892,1.069892,0.65));
#2053 = DIRECTION('',(0.,0.,-1.));
#2054 = DIRECTION('',(1.,0.,0.));
#2055 = ORIENTED_EDGE('',*,*,#2056,.T.);
#2056 = EDGE_CURVE('',#2048,#2057,#2059,.T.);
#2057 = VERTEX_POINT('',#2058);
#2058 = CARTESIAN_POINT('',(6.0496565,1.2,0.65));
#2059 = LINE('',#2060,#2061);
#2060 = CARTESIAN_POINT('',(3.6522755,1.2,0.65));
#2061 = VECTOR('',#2062,1.);
#2062 = DIRECTION('',(-1.,0.,0.));
#2063 = ORIENTED_EDGE('',*,*,#2064,.F.);
#2064 = EDGE_CURVE('',#2065,#2057,#2067,.T.);
#2065 = VERTEX_POINT('',#2066);
#2066 = CARTESIAN_POINT('',(6.0496565,1.4,0.65));
#2067 = LINE('',#2068,#2069);
#2068 = CARTESIAN_POINT('',(6.0496565,5.,0.65));
#2069 = VECTOR('',#2070,1.);
#2070 = DIRECTION('',(0.,-1.,2.22044604925E-16));
#2071 = ORIENTED_EDGE('',*,*,#2072,.T.);
#2072 = EDGE_CURVE('',#2065,#2073,#2075,.T.);
#2073 = VERTEX_POINT('',#2074);
#2074 = CARTESIAN_POINT('',(6.26989,1.4,0.65));
#2075 = LINE('',#2076,#2077);
#2076 = CARTESIAN_POINT('',(6.62251,1.4,0.65));
#2077 = VECTOR('',#2078,1.);
#2078 = DIRECTION('',(1.,0.,0.));
#2079 = ORIENTED_EDGE('',*,*,#2080,.T.);
#2080 = EDGE_CURVE('',#2073,#1919,#2081,.T.);
#2081 = CIRCLE('',#2082,0.33011);
#2082 = AXIS2_PLACEMENT_3D('',#2083,#2084,#2085);
#2083 = CARTESIAN_POINT('',(6.26989,1.06989,0.65));
#2084 = DIRECTION('',(0.,0.,-1.));
#2085 = DIRECTION('',(1.,0.,0.));
#2086 = PLANE('',#2087);
#2087 = AXIS2_PLACEMENT_3D('',#2088,#2089,#2090);
#2088 = CARTESIAN_POINT('',(6.97513,5.,0.65));
#2089 = DIRECTION('',(-0.,-2.22044604925E-16,-1.));
#2090 = DIRECTION('',(-1.,0.,0.));
#2091 = ADVANCED_FACE('',(#2092),#2111,.T.);
#2092 = FACE_BOUND('',#2093,.F.);
#2093 = EDGE_LOOP('',(#2094,#2095,#2096,#2105));
#2094 = ORIENTED_EDGE('',*,*,#2080,.T.);
#2095 = ORIENTED_EDGE('',*,*,#1918,.T.);
#2096 = ORIENTED_EDGE('',*,*,#2097,.F.);
#2097 = EDGE_CURVE('',#2098,#1911,#2100,.T.);
#2098 = VERTEX_POINT('',#2099);
#2099 = CARTESIAN_POINT('',(6.26989,1.4,2.05));
#2100 = CIRCLE('',#2101,0.33011);
#2101 = AXIS2_PLACEMENT_3D('',#2102,#2103,#2104);
#2102 = CARTESIAN_POINT('',(6.26989,1.06989,2.05));
#2103 = DIRECTION('',(0.,0.,-1.));
#2104 = DIRECTION('',(1.,0.,0.));
#2105 = ORIENTED_EDGE('',*,*,#2106,.F.);
#2106 = EDGE_CURVE('',#2073,#2098,#2107,.T.);
#2107 = LINE('',#2108,#2109);
#2108 = CARTESIAN_POINT('',(6.26989,1.4,0.));
#2109 = VECTOR('',#2110,1.);
#2110 = DIRECTION('',(0.,0.,1.));
#2111 = CYLINDRICAL_SURFACE('',#2112,0.33011);
#2112 = AXIS2_PLACEMENT_3D('',#2113,#2114,#2115);
#2113 = CARTESIAN_POINT('',(6.26989,1.06989,0.));
#2114 = DIRECTION('',(-0.,-0.,-1.));
#2115 = DIRECTION('',(1.,0.,0.));
#2116 = ADVANCED_FACE('',(#2117),#2168,.T.);
#2117 = FACE_BOUND('',#2118,.T.);
#2118 = EDGE_LOOP('',(#2119,#2127,#2135,#2143,#2152,#2160,#2166,#2167));
#2119 = ORIENTED_EDGE('',*,*,#2120,.T.);
#2120 = EDGE_CURVE('',#2098,#2121,#2123,.T.);
#2121 = VERTEX_POINT('',#2122);
#2122 = CARTESIAN_POINT('',(6.0496565,1.4,2.05));
#2123 = LINE('',#2124,#2125);
#2124 = CARTESIAN_POINT('',(6.15977325,1.4,2.05));
#2125 = VECTOR('',#2126,1.);
#2126 = DIRECTION('',(-1.,0.,0.));
#2127 = ORIENTED_EDGE('',*,*,#2128,.T.);
#2128 = EDGE_CURVE('',#2121,#2129,#2131,.T.);
#2129 = VERTEX_POINT('',#2130);
#2130 = CARTESIAN_POINT('',(6.0496565,1.2,2.05));
#2131 = LINE('',#2132,#2133);
#2132 = CARTESIAN_POINT('',(6.0496565,5.,2.05));
#2133 = VECTOR('',#2134,1.);
#2134 = DIRECTION('',(0.,-1.,2.22044604925E-16));
#2135 = ORIENTED_EDGE('',*,*,#2136,.T.);
#2136 = EDGE_CURVE('',#2129,#2137,#2139,.T.);
#2137 = VERTEX_POINT('',#2138);
#2138 = CARTESIAN_POINT('',(6.269892,1.2,2.05));
#2139 = LINE('',#2140,#2141);
#2140 = CARTESIAN_POINT('',(3.18953875,1.2,2.05));
#2141 = VECTOR('',#2142,1.);
#2142 = DIRECTION('',(1.,0.,0.));
#2143 = ORIENTED_EDGE('',*,*,#2144,.T.);
#2144 = EDGE_CURVE('',#2137,#2145,#2147,.T.);
#2145 = VERTEX_POINT('',#2146);
#2146 = CARTESIAN_POINT('',(6.4,1.069892,2.05));
#2147 = CIRCLE('',#2148,0.130108);
#2148 = AXIS2_PLACEMENT_3D('',#2149,#2150,#2151);
#2149 = CARTESIAN_POINT('',(6.269892,1.069892,2.05));
#2150 = DIRECTION('',(0.,0.,-1.));
#2151 = DIRECTION('',(1.,0.,0.));
#2152 = ORIENTED_EDGE('',*,*,#2153,.T.);
#2153 = EDGE_CURVE('',#2145,#2154,#2156,.T.);
#2154 = VERTEX_POINT('',#2155);
#2155 = CARTESIAN_POINT('',(6.4,0.85,2.05));
#2156 = LINE('',#2157,#2158);
#2157 = CARTESIAN_POINT('',(6.4,3.034946,2.05));
#2158 = VECTOR('',#2159,1.);
#2159 = DIRECTION('',(0.,-1.,2.22044604925E-16));
#2160 = ORIENTED_EDGE('',*,*,#2161,.T.);
#2161 = EDGE_CURVE('',#2154,#1903,#2162,.T.);
#2162 = LINE('',#2163,#2164);
#2163 = CARTESIAN_POINT('',(6.0496565,0.85,2.05));
#2164 = VECTOR('',#2165,1.);
#2165 = DIRECTION('',(1.,0.,0.));
#2166 = ORIENTED_EDGE('',*,*,#1910,.T.);
#2167 = ORIENTED_EDGE('',*,*,#2097,.F.);
#2168 = PLANE('',#2169);
#2169 = AXIS2_PLACEMENT_3D('',#2170,#2171,#2172);
#2170 = CARTESIAN_POINT('',(6.0496565,5.,2.05));
#2171 = DIRECTION('',(0.,2.22044604925E-16,1.));
#2172 = DIRECTION('',(1.,0.,0.));
#2173 = ADVANCED_FACE('',(#2174),#2192,.T.);
#2174 = FACE_BOUND('',#2175,.T.);
#2175 = EDGE_LOOP('',(#2176,#2177,#2185,#2191));
#2176 = ORIENTED_EDGE('',*,*,#2161,.F.);
#2177 = ORIENTED_EDGE('',*,*,#2178,.T.);
#2178 = EDGE_CURVE('',#2154,#2179,#2181,.T.);
#2179 = VERTEX_POINT('',#2180);
#2180 = CARTESIAN_POINT('',(6.4,0.85,2.7));
#2181 = LINE('',#2182,#2183);
#2182 = CARTESIAN_POINT('',(6.4,0.85,0.796746984743));
#2183 = VECTOR('',#2184,1.);
#2184 = DIRECTION('',(0.,0.,1.));
#2185 = ORIENTED_EDGE('',*,*,#2186,.F.);
#2186 = EDGE_CURVE('',#1895,#2179,#2187,.T.);
#2187 = LINE('',#2188,#2189);
#2188 = CARTESIAN_POINT('',(3.191788095746,0.85,2.7));
#2189 = VECTOR('',#2190,1.);
#2190 = DIRECTION('',(-1.,0.,0.));
#2191 = ORIENTED_EDGE('',*,*,#1902,.T.);
#2192 = PLANE('',#2193);
#2193 = AXIS2_PLACEMENT_3D('',#2194,#2195,#2196);
#2194 = CARTESIAN_POINT('',(3.083000318785,0.85,1.593493969486));
#2195 = DIRECTION('',(0.,1.,0.));
#2196 = DIRECTION('',(0.,0.,1.));
#2197 = ADVANCED_FACE('',(#2198),#2250,.T.);
#2198 = FACE_BOUND('',#2199,.T.);
#2199 = EDGE_LOOP('',(#2200,#2209,#2210,#2211,#2219,#2228,#2236,#2244));
#2200 = ORIENTED_EDGE('',*,*,#2201,.F.);
#2201 = EDGE_CURVE('',#1887,#2202,#2204,.T.);
#2202 = VERTEX_POINT('',#2203);
#2203 = CARTESIAN_POINT('',(6.68,0.2,2.7));
#2204 = CIRCLE('',#2205,8.E-02);
#2205 = AXIS2_PLACEMENT_3D('',#2206,#2207,#2208);
#2206 = CARTESIAN_POINT('',(6.68,0.28,2.7));
#2207 = DIRECTION('',(0.,0.,1.));
#2208 = DIRECTION('',(1.,0.,0.));
#2209 = ORIENTED_EDGE('',*,*,#1894,.T.);
#2210 = ORIENTED_EDGE('',*,*,#2186,.T.);
#2211 = ORIENTED_EDGE('',*,*,#2212,.T.);
#2212 = EDGE_CURVE('',#2179,#2213,#2215,.T.);
#2213 = VERTEX_POINT('',#2214);
#2214 = CARTESIAN_POINT('',(6.4,0.28,2.7));
#2215 = LINE('',#2216,#2217);
#2216 = CARTESIAN_POINT('',(6.4,1.069892,2.7));
#2217 = VECTOR('',#2218,1.);
#2218 = DIRECTION('',(0.,-1.,0.));
#2219 = ORIENTED_EDGE('',*,*,#2220,.T.);
#2220 = EDGE_CURVE('',#2213,#2221,#2223,.T.);
#2221 = VERTEX_POINT('',#2222);
#2222 = CARTESIAN_POINT('',(6.68,5.551115123126E-17,2.7));
#2223 = CIRCLE('',#2224,0.28);
#2224 = AXIS2_PLACEMENT_3D('',#2225,#2226,#2227);
#2225 = CARTESIAN_POINT('',(6.68,0.28,2.7));
#2226 = DIRECTION('',(0.,0.,1.));
#2227 = DIRECTION('',(1.,0.,0.));
#2228 = ORIENTED_EDGE('',*,*,#2229,.F.);
#2229 = EDGE_CURVE('',#2230,#2221,#2232,.T.);
#2230 = VERTEX_POINT('',#2231);
#2231 = CARTESIAN_POINT('',(7.2,5.551115123126E-17,2.7));
#2232 = LINE('',#2233,#2234);
#2233 = CARTESIAN_POINT('',(7.2,5.551115123126E-17,2.7));
#2234 = VECTOR('',#2235,1.);
#2235 = DIRECTION('',(-1.,0.,0.));
#2236 = ORIENTED_EDGE('',*,*,#2237,.T.);
#2237 = EDGE_CURVE('',#2230,#2238,#2240,.T.);
#2238 = VERTEX_POINT('',#2239);
#2239 = CARTESIAN_POINT('',(7.2,0.2,2.7));
#2240 = LINE('',#2241,#2242);
#2241 = CARTESIAN_POINT('',(7.2,5.551115123126E-17,2.7));
#2242 = VECTOR('',#2243,1.);
#2243 = DIRECTION('',(0.,1.,0.));
#2244 = ORIENTED_EDGE('',*,*,#2245,.T.);
#2245 = EDGE_CURVE('',#2238,#2202,#2246,.T.);
#2246 = LINE('',#2247,#2248);
#2247 = CARTESIAN_POINT('',(7.2,0.2,2.7));
#2248 = VECTOR('',#2249,1.);
#2249 = DIRECTION('',(-1.,0.,0.));
#2250 = PLANE('',#2251);
#2251 = AXIS2_PLACEMENT_3D('',#2252,#2253,#2254);
#2252 = CARTESIAN_POINT('',(3.300575872707,0.984227573633,2.7));
#2253 = DIRECTION('',(0.,0.,1.));
#2254 = DIRECTION('',(1.,0.,0.));
#2255 = ADVANCED_FACE('',(#2256),#2275,.F.);
#2256 = FACE_BOUND('',#2257,.T.);
#2257 = EDGE_LOOP('',(#2258,#2267,#2268,#2269));
#2258 = ORIENTED_EDGE('',*,*,#2259,.T.);
#2259 = EDGE_CURVE('',#2260,#1879,#2262,.T.);
#2260 = VERTEX_POINT('',#2261);
#2261 = CARTESIAN_POINT('',(6.68,0.2,2.2));
#2262 = CIRCLE('',#2263,8.E-02);
#2263 = AXIS2_PLACEMENT_3D('',#2264,#2265,#2266);
#2264 = CARTESIAN_POINT('',(6.68,0.28,2.2));
#2265 = DIRECTION('',(0.,0.,-1.));
#2266 = DIRECTION('',(1.,0.,0.));
#2267 = ORIENTED_EDGE('',*,*,#1886,.T.);
#2268 = ORIENTED_EDGE('',*,*,#2201,.T.);
#2269 = ORIENTED_EDGE('',*,*,#2270,.F.);
#2270 = EDGE_CURVE('',#2260,#2202,#2271,.T.);
#2271 = LINE('',#2272,#2273);
#2272 = CARTESIAN_POINT('',(6.68,0.2,0.));
#2273 = VECTOR('',#2274,1.);
#2274 = DIRECTION('',(0.,0.,1.));
#2275 = CYLINDRICAL_SURFACE('',#2276,8.E-02);
#2276 = AXIS2_PLACEMENT_3D('',#2277,#2278,#2279);
#2277 = CARTESIAN_POINT('',(6.68,0.28,0.));
#2278 = DIRECTION('',(-0.,-0.,-1.));
#2279 = DIRECTION('',(1.,0.,0.));
#2280 = ADVANCED_FACE('',(#2281),#2332,.F.);
#2281 = FACE_BOUND('',#2282,.F.);
#2282 = EDGE_LOOP('',(#2283,#2293,#2301,#2307,#2308,#2309,#2317,#2325));
#2283 = ORIENTED_EDGE('',*,*,#2284,.F.);
#2284 = EDGE_CURVE('',#2285,#2287,#2289,.T.);
#2285 = VERTEX_POINT('',#2286);
#2286 = CARTESIAN_POINT('',(7.2,2.720046410332E-16,2.2));
#2287 = VERTEX_POINT('',#2288);
#2288 = CARTESIAN_POINT('',(6.68,2.720046410332E-16,2.2));
#2289 = LINE('',#2290,#2291);
#2290 = CARTESIAN_POINT('',(7.421465,4.884981308351E-16,2.2));
#2291 = VECTOR('',#2292,1.);
#2292 = DIRECTION('',(-1.,0.,0.));
#2293 = ORIENTED_EDGE('',*,*,#2294,.T.);
#2294 = EDGE_CURVE('',#2285,#2295,#2297,.T.);
#2295 = VERTEX_POINT('',#2296);
#2296 = CARTESIAN_POINT('',(7.2,0.2,2.2));
#2297 = LINE('',#2298,#2299);
#2298 = CARTESIAN_POINT('',(7.2,5.162537064507E-16,2.2));
#2299 = VECTOR('',#2300,1.);
#2300 = DIRECTION('',(0.,1.,-2.22044604925E-16));
#2301 = ORIENTED_EDGE('',*,*,#2302,.T.);
#2302 = EDGE_CURVE('',#2295,#2260,#2303,.T.);
#2303 = LINE('',#2304,#2305);
#2304 = CARTESIAN_POINT('',(7.3107325,0.2,2.2));
#2305 = VECTOR('',#2306,1.);
#2306 = DIRECTION('',(-1.,0.,0.));
#2307 = ORIENTED_EDGE('',*,*,#2259,.T.);
#2308 = ORIENTED_EDGE('',*,*,#1878,.T.);
#2309 = ORIENTED_EDGE('',*,*,#2310,.T.);
#2310 = EDGE_CURVE('',#1871,#2311,#2313,.T.);
#2311 = VERTEX_POINT('',#2312);
#2312 = CARTESIAN_POINT('',(6.4,0.3,2.2));
#2313 = LINE('',#2314,#2315);
#2314 = CARTESIAN_POINT('',(7.421465,0.3,2.2));
#2315 = VECTOR('',#2316,1.);
#2316 = DIRECTION('',(-1.,0.,0.));
#2317 = ORIENTED_EDGE('',*,*,#2318,.T.);
#2318 = EDGE_CURVE('',#2311,#2319,#2321,.T.);
#2319 = VERTEX_POINT('',#2320);
#2320 = CARTESIAN_POINT('',(6.4,0.28,2.2));
#2321 = LINE('',#2322,#2323);
#2322 = CARTESIAN_POINT('',(6.4,0.534946,2.2));
#2323 = VECTOR('',#2324,1.);
#2324 = DIRECTION('',(0.,-1.,2.22044604925E-16));
#2325 = ORIENTED_EDGE('',*,*,#2326,.F.);
#2326 = EDGE_CURVE('',#2287,#2319,#2327,.T.);
#2327 = CIRCLE('',#2328,0.28);
#2328 = AXIS2_PLACEMENT_3D('',#2329,#2330,#2331);
#2329 = CARTESIAN_POINT('',(6.68,0.28,2.2));
#2330 = DIRECTION('',(0.,0.,-1.));
#2331 = DIRECTION('',(1.,0.,0.));
#2332 = PLANE('',#2333);
#2333 = AXIS2_PLACEMENT_3D('',#2334,#2335,#2336);
#2334 = CARTESIAN_POINT('',(7.421465,4.884981308351E-16,2.2));
#2335 = DIRECTION('',(0.,2.22044604925E-16,1.));
#2336 = DIRECTION('',(-1.,0.,0.));
#2337 = ADVANCED_FACE('',(#2338),#2356,.F.);
#2338 = FACE_BOUND('',#2339,.F.);
#2339 = EDGE_LOOP('',(#2340,#2348,#2349,#2350));
#2340 = ORIENTED_EDGE('',*,*,#2341,.T.);
#2341 = EDGE_CURVE('',#2342,#2311,#2344,.T.);
#2342 = VERTEX_POINT('',#2343);
#2343 = CARTESIAN_POINT('',(6.4,0.3,0.4));
#2344 = LINE('',#2345,#2346);
#2345 = CARTESIAN_POINT('',(6.4,0.3,0.65));
#2346 = VECTOR('',#2347,1.);
#2347 = DIRECTION('',(0.,0.,1.));
#2348 = ORIENTED_EDGE('',*,*,#2310,.F.);
#2349 = ORIENTED_EDGE('',*,*,#1870,.T.);
#2350 = ORIENTED_EDGE('',*,*,#2351,.F.);
#2351 = EDGE_CURVE('',#2342,#1863,#2352,.T.);
#2352 = LINE('',#2353,#2354);
#2353 = CARTESIAN_POINT('',(5.952216,0.3,0.4));
#2354 = VECTOR('',#2355,1.);
#2355 = DIRECTION('',(1.,0.,0.));
#2356 = PLANE('',#2357);
#2357 = AXIS2_PLACEMENT_3D('',#2358,#2359,#2360);
#2358 = CARTESIAN_POINT('',(3.235015069428,0.3,1.3));
#2359 = DIRECTION('',(0.,1.,0.));
#2360 = DIRECTION('',(0.,0.,1.));
#2361 = ADVANCED_FACE('',(#2362),#2414,.F.);
#2362 = FACE_BOUND('',#2363,.F.);
#2363 = EDGE_LOOP('',(#2364,#2374,#2383,#2389,#2390,#2391,#2400,#2408));
#2364 = ORIENTED_EDGE('',*,*,#2365,.F.);
#2365 = EDGE_CURVE('',#2366,#2368,#2370,.T.);
#2366 = VERTEX_POINT('',#2367);
#2367 = CARTESIAN_POINT('',(6.68,7.216449660064E-17,0.4));
#2368 = VERTEX_POINT('',#2369);
#2369 = CARTESIAN_POINT('',(7.2,7.216449660064E-17,0.4));
#2370 = LINE('',#2371,#2372);
#2371 = CARTESIAN_POINT('',(5.952216,8.881784197001E-17,0.4));
#2372 = VECTOR('',#2373,1.);
#2373 = DIRECTION('',(1.,0.,0.));
#2374 = ORIENTED_EDGE('',*,*,#2375,.T.);
#2375 = EDGE_CURVE('',#2366,#2376,#2378,.T.);
#2376 = VERTEX_POINT('',#2377);
#2377 = CARTESIAN_POINT('',(6.4,0.28,0.4));
#2378 = CIRCLE('',#2379,0.28);
#2379 = AXIS2_PLACEMENT_3D('',#2380,#2381,#2382);
#2380 = CARTESIAN_POINT('',(6.68,0.28,0.4));
#2381 = DIRECTION('',(0.,0.,-1.));
#2382 = DIRECTION('',(1.,0.,0.));
#2383 = ORIENTED_EDGE('',*,*,#2384,.T.);
#2384 = EDGE_CURVE('',#2376,#2342,#2385,.T.);
#2385 = LINE('',#2386,#2387);
#2386 = CARTESIAN_POINT('',(6.4,0.534946,0.4));
#2387 = VECTOR('',#2388,1.);
#2388 = DIRECTION('',(0.,1.,-2.22044604925E-16));
#2389 = ORIENTED_EDGE('',*,*,#2351,.T.);
#2390 = ORIENTED_EDGE('',*,*,#1862,.T.);
#2391 = ORIENTED_EDGE('',*,*,#2392,.F.);
#2392 = EDGE_CURVE('',#2393,#1855,#2395,.T.);
#2393 = VERTEX_POINT('',#2394);
#2394 = CARTESIAN_POINT('',(6.68,0.2,0.4));
#2395 = CIRCLE('',#2396,8.E-02);
#2396 = AXIS2_PLACEMENT_3D('',#2397,#2398,#2399);
#2397 = CARTESIAN_POINT('',(6.68,0.28,0.4));
#2398 = DIRECTION('',(0.,0.,-1.));
#2399 = DIRECTION('',(1.,0.,0.));
#2400 = ORIENTED_EDGE('',*,*,#2401,.T.);
#2401 = EDGE_CURVE('',#2393,#2402,#2404,.T.);
#2402 = VERTEX_POINT('',#2403);
#2403 = CARTESIAN_POINT('',(7.2,0.2,0.4));
#2404 = LINE('',#2405,#2406);
#2405 = CARTESIAN_POINT('',(6.576108,0.2,0.4));
#2406 = VECTOR('',#2407,1.);
#2407 = DIRECTION('',(1.,0.,0.));
#2408 = ORIENTED_EDGE('',*,*,#2409,.T.);
#2409 = EDGE_CURVE('',#2402,#2368,#2410,.T.);
#2410 = LINE('',#2411,#2412);
#2411 = CARTESIAN_POINT('',(7.2,1.165734175856E-16,0.4));
#2412 = VECTOR('',#2413,1.);
#2413 = DIRECTION('',(0.,-1.,2.22044604925E-16));
#2414 = PLANE('',#2415);
#2415 = AXIS2_PLACEMENT_3D('',#2416,#2417,#2418);
#2416 = CARTESIAN_POINT('',(5.952216,8.881784197001E-17,0.4));
#2417 = DIRECTION('',(0.,-2.22044604925E-16,-1.));
#2418 = DIRECTION('',(1.,0.,0.));
#2419 = ADVANCED_FACE('',(#2420),#2431,.F.);
#2420 = FACE_BOUND('',#2421,.T.);
#2421 = EDGE_LOOP('',(#2422,#2423,#2424,#2425));
#2422 = ORIENTED_EDGE('',*,*,#1948,.F.);
#2423 = ORIENTED_EDGE('',*,*,#1854,.T.);
#2424 = ORIENTED_EDGE('',*,*,#2392,.F.);
#2425 = ORIENTED_EDGE('',*,*,#2426,.F.);
#2426 = EDGE_CURVE('',#1949,#2393,#2427,.T.);
#2427 = LINE('',#2428,#2429);
#2428 = CARTESIAN_POINT('',(6.68,0.2,0.));
#2429 = VECTOR('',#2430,1.);
#2430 = DIRECTION('',(0.,0.,1.));
#2431 = CYLINDRICAL_SURFACE('',#2432,8.E-02);
#2432 = AXIS2_PLACEMENT_3D('',#2433,#2434,#2435);
#2433 = CARTESIAN_POINT('',(6.68,0.28,0.));
#2434 = DIRECTION('',(-0.,-0.,-1.));
#2435 = DIRECTION('',(1.,0.,0.));
#2436 = ADVANCED_FACE('',(#2437),#2448,.F.);
#2437 = FACE_BOUND('',#2438,.F.);
#2438 = EDGE_LOOP('',(#2439,#2440,#2446,#2447));
#2439 = ORIENTED_EDGE('',*,*,#1999,.F.);
#2440 = ORIENTED_EDGE('',*,*,#2441,.T.);
#2441 = EDGE_CURVE('',#1992,#2402,#2442,.T.);
#2442 = LINE('',#2443,#2444);
#2443 = CARTESIAN_POINT('',(7.2,0.2,0.));
#2444 = VECTOR('',#2445,1.);
#2445 = DIRECTION('',(0.,0.,1.));
#2446 = ORIENTED_EDGE('',*,*,#2401,.F.);
#2447 = ORIENTED_EDGE('',*,*,#2426,.F.);
#2448 = PLANE('',#2449);
#2449 = AXIS2_PLACEMENT_3D('',#2450,#2451,#2452);
#2450 = CARTESIAN_POINT('',(7.2,0.2,0.));
#2451 = DIRECTION('',(0.,-1.,0.));
#2452 = DIRECTION('',(-1.,0.,0.));
#2453 = ADVANCED_FACE('',(#2454),#2465,.F.);
#2454 = FACE_BOUND('',#2455,.F.);
#2455 = EDGE_LOOP('',(#2456,#2457,#2463,#2464));
#2456 = ORIENTED_EDGE('',*,*,#1991,.F.);
#2457 = ORIENTED_EDGE('',*,*,#2458,.T.);
#2458 = EDGE_CURVE('',#1984,#2368,#2459,.T.);
#2459 = LINE('',#2460,#2461);
#2460 = CARTESIAN_POINT('',(7.2,5.551115123126E-17,0.));
#2461 = VECTOR('',#2462,1.);
#2462 = DIRECTION('',(0.,0.,1.));
#2463 = ORIENTED_EDGE('',*,*,#2409,.F.);
#2464 = ORIENTED_EDGE('',*,*,#2441,.F.);
#2465 = PLANE('',#2466);
#2466 = AXIS2_PLACEMENT_3D('',#2467,#2468,#2469);
#2467 = CARTESIAN_POINT('',(7.2,5.551115123126E-17,0.));
#2468 = DIRECTION('',(-1.,0.,0.));
#2469 = DIRECTION('',(0.,1.,0.));
#2470 = ADVANCED_FACE('',(#2471),#2482,.T.);
#2471 = FACE_BOUND('',#2472,.T.);
#2472 = EDGE_LOOP('',(#2473,#2474,#2475,#2476));
#2473 = ORIENTED_EDGE('',*,*,#1983,.F.);
#2474 = ORIENTED_EDGE('',*,*,#2458,.T.);
#2475 = ORIENTED_EDGE('',*,*,#2365,.F.);
#2476 = ORIENTED_EDGE('',*,*,#2477,.F.);
#2477 = EDGE_CURVE('',#1975,#2366,#2478,.T.);
#2478 = LINE('',#2479,#2480);
#2479 = CARTESIAN_POINT('',(6.68,5.551115123126E-17,0.));
#2480 = VECTOR('',#2481,1.);
#2481 = DIRECTION('',(0.,0.,1.));
#2482 = PLANE('',#2483);
#2483 = AXIS2_PLACEMENT_3D('',#2484,#2485,#2486);
#2484 = CARTESIAN_POINT('',(7.2,5.551115123126E-17,0.));
#2485 = DIRECTION('',(0.,-1.,0.));
#2486 = DIRECTION('',(-1.,0.,0.));
#2487 = ADVANCED_FACE('',(#2488),#2499,.T.);
#2488 = FACE_BOUND('',#2489,.F.);
#2489 = EDGE_LOOP('',(#2490,#2491,#2497,#2498));
#2490 = ORIENTED_EDGE('',*,*,#1974,.F.);
#2491 = ORIENTED_EDGE('',*,*,#2492,.T.);
#2492 = EDGE_CURVE('',#1967,#2376,#2493,.T.);
#2493 = LINE('',#2494,#2495);
#2494 = CARTESIAN_POINT('',(6.4,0.28,0.));
#2495 = VECTOR('',#2496,1.);
#2496 = DIRECTION('',(0.,0.,1.));
#2497 = ORIENTED_EDGE('',*,*,#2375,.F.);
#2498 = ORIENTED_EDGE('',*,*,#2477,.F.);
#2499 = CYLINDRICAL_SURFACE('',#2500,0.28);
#2500 = AXIS2_PLACEMENT_3D('',#2501,#2502,#2503);
#2501 = CARTESIAN_POINT('',(6.68,0.28,0.));
#2502 = DIRECTION('',(-0.,-0.,-1.));
#2503 = DIRECTION('',(1.,0.,0.));
#2504 = ADVANCED_FACE('',(#2505),#2529,.F.);
#2505 = FACE_BOUND('',#2506,.F.);
#2506 = EDGE_LOOP('',(#2507,#2508,#2509,#2515,#2516,#2517,#2518,#2524,
    #2525,#2526,#2527,#2528));
#2507 = ORIENTED_EDGE('',*,*,#2014,.T.);
#2508 = ORIENTED_EDGE('',*,*,#2039,.T.);
#2509 = ORIENTED_EDGE('',*,*,#2510,.T.);
#2510 = EDGE_CURVE('',#2040,#2145,#2511,.T.);
#2511 = LINE('',#2512,#2513);
#2512 = CARTESIAN_POINT('',(6.4,1.069892,0.));
#2513 = VECTOR('',#2514,1.);
#2514 = DIRECTION('',(0.,0.,1.));
#2515 = ORIENTED_EDGE('',*,*,#2153,.T.);
#2516 = ORIENTED_EDGE('',*,*,#2178,.T.);
#2517 = ORIENTED_EDGE('',*,*,#2212,.T.);
#2518 = ORIENTED_EDGE('',*,*,#2519,.F.);
#2519 = EDGE_CURVE('',#2319,#2213,#2520,.T.);
#2520 = LINE('',#2521,#2522);
#2521 = CARTESIAN_POINT('',(6.4,0.28,0.));
#2522 = VECTOR('',#2523,1.);
#2523 = DIRECTION('',(0.,0.,1.));
#2524 = ORIENTED_EDGE('',*,*,#2318,.F.);
#2525 = ORIENTED_EDGE('',*,*,#2341,.F.);
#2526 = ORIENTED_EDGE('',*,*,#2384,.F.);
#2527 = ORIENTED_EDGE('',*,*,#2492,.F.);
#2528 = ORIENTED_EDGE('',*,*,#1966,.F.);
#2529 = PLANE('',#2530);
#2530 = AXIS2_PLACEMENT_3D('',#2531,#2532,#2533);
#2531 = CARTESIAN_POINT('',(6.4,1.069892,0.));
#2532 = DIRECTION('',(1.,0.,0.));
#2533 = DIRECTION('',(0.,-1.,0.));
#2534 = ADVANCED_FACE('',(#2535),#2610,.F.);
#2535 = FACE_BOUND('',#2536,.F.);
#2536 = EDGE_LOOP('',(#2537,#2538,#2539,#2540,#2548,#2556,#2564,#2572,
    #2580,#2588,#2596,#2604));
#2537 = ORIENTED_EDGE('',*,*,#2072,.T.);
#2538 = ORIENTED_EDGE('',*,*,#2106,.T.);
#2539 = ORIENTED_EDGE('',*,*,#2120,.T.);
#2540 = ORIENTED_EDGE('',*,*,#2541,.T.);
#2541 = EDGE_CURVE('',#2121,#2542,#2544,.T.);
#2542 = VERTEX_POINT('',#2543);
#2543 = CARTESIAN_POINT('',(6.0496565,1.4,2.7));
#2544 = LINE('',#2545,#2546);
#2545 = CARTESIAN_POINT('',(6.0496565,1.4,1.568165));
#2546 = VECTOR('',#2547,1.);
#2547 = DIRECTION('',(0.,0.,1.));
#2548 = ORIENTED_EDGE('',*,*,#2549,.T.);
#2549 = EDGE_CURVE('',#2542,#2550,#2552,.T.);
#2550 = VERTEX_POINT('',#2551);
#2551 = CARTESIAN_POINT('',(0.5496565,1.4,2.7));
#2552 = LINE('',#2553,#2554);
#2553 = CARTESIAN_POINT('',(6.26989,1.4,2.7));
#2554 = VECTOR('',#2555,1.);
#2555 = DIRECTION('',(-1.,0.,0.));
#2556 = ORIENTED_EDGE('',*,*,#2557,.T.);
#2557 = EDGE_CURVE('',#2550,#2558,#2560,.T.);
#2558 = VERTEX_POINT('',#2559);
#2559 = CARTESIAN_POINT('',(0.5496565,1.4,2.05));
#2560 = LINE('',#2561,#2562);
#2561 = CARTESIAN_POINT('',(0.5496565,1.4,1.025));
#2562 = VECTOR('',#2563,1.);
#2563 = DIRECTION('',(-0.,-0.,-1.));
#2564 = ORIENTED_EDGE('',*,*,#2565,.T.);
#2565 = EDGE_CURVE('',#2558,#2566,#2568,.T.);
#2566 = VERTEX_POINT('',#2567);
#2567 = CARTESIAN_POINT('',(0.3294205,1.4,2.05));
#2568 = LINE('',#2569,#2570);
#2569 = CARTESIAN_POINT('',(2.7567995,1.4,2.05));
#2570 = VECTOR('',#2571,1.);
#2571 = DIRECTION('',(-1.,0.,0.));
#2572 = ORIENTED_EDGE('',*,*,#2573,.F.);
#2573 = EDGE_CURVE('',#2574,#2566,#2576,.T.);
#2574 = VERTEX_POINT('',#2575);
#2575 = CARTESIAN_POINT('',(0.3294205,1.4,0.65));
#2576 = LINE('',#2577,#2578);
#2577 = CARTESIAN_POINT('',(0.3294205,1.4,0.));
#2578 = VECTOR('',#2579,1.);
#2579 = DIRECTION('',(0.,0.,1.));
#2580 = ORIENTED_EDGE('',*,*,#2581,.T.);
#2581 = EDGE_CURVE('',#2574,#2582,#2584,.T.);
#2582 = VERTEX_POINT('',#2583);
#2583 = CARTESIAN_POINT('',(0.5496565,1.4,0.65));
#2584 = LINE('',#2585,#2586);
#2585 = CARTESIAN_POINT('',(3.40977325,1.4,0.65));
#2586 = VECTOR('',#2587,1.);
#2587 = DIRECTION('',(1.,0.,0.));
#2588 = ORIENTED_EDGE('',*,*,#2589,.T.);
#2589 = EDGE_CURVE('',#2582,#2590,#2592,.T.);
#2590 = VERTEX_POINT('',#2591);
#2591 = CARTESIAN_POINT('',(0.5496565,1.4,-1.554312234475E-16));
#2592 = LINE('',#2593,#2594);
#2593 = CARTESIAN_POINT('',(0.5496565,1.4,-5.551115123126E-16));
#2594 = VECTOR('',#2595,1.);
#2595 = DIRECTION('',(-0.,-0.,-1.));
#2596 = ORIENTED_EDGE('',*,*,#2597,.F.);
#2597 = EDGE_CURVE('',#2598,#2590,#2600,.T.);
#2598 = VERTEX_POINT('',#2599);
#2599 = CARTESIAN_POINT('',(6.0496565,1.4,-1.554312234475E-16));
#2600 = LINE('',#2601,#2602);
#2601 = CARTESIAN_POINT('',(6.26989,1.4,0.));
#2602 = VECTOR('',#2603,1.);
#2603 = DIRECTION('',(-1.,0.,0.));
#2604 = ORIENTED_EDGE('',*,*,#2605,.T.);
#2605 = EDGE_CURVE('',#2598,#2065,#2606,.T.);
#2606 = LINE('',#2607,#2608);
#2607 = CARTESIAN_POINT('',(6.0496565,1.4,0.325));
#2608 = VECTOR('',#2609,1.);
#2609 = DIRECTION('',(0.,0.,1.));
#2610 = PLANE('',#2611);
#2611 = AXIS2_PLACEMENT_3D('',#2612,#2613,#2614);
#2612 = CARTESIAN_POINT('',(6.26989,1.4,0.));
#2613 = DIRECTION('',(0.,-1.,0.));
#2614 = DIRECTION('',(-1.,0.,0.));
#2615 = ADVANCED_FACE('',(#2616),#2634,.T.);
#2616 = FACE_BOUND('',#2617,.T.);
#2617 = EDGE_LOOP('',(#2618,#2619,#2620,#2628));
#2618 = ORIENTED_EDGE('',*,*,#2605,.T.);
#2619 = ORIENTED_EDGE('',*,*,#2064,.T.);
#2620 = ORIENTED_EDGE('',*,*,#2621,.T.);
#2621 = EDGE_CURVE('',#2057,#2622,#2624,.T.);
#2622 = VERTEX_POINT('',#2623);
#2623 = CARTESIAN_POINT('',(6.0496565,1.2,-1.33226762955E-16));
#2624 = LINE('',#2625,#2626);
#2625 = CARTESIAN_POINT('',(6.0496565,1.2,0.325));
#2626 = VECTOR('',#2627,1.);
#2627 = DIRECTION('',(0.,0.,-1.));
#2628 = ORIENTED_EDGE('',*,*,#2629,.F.);
#2629 = EDGE_CURVE('',#2598,#2622,#2630,.T.);
#2630 = LINE('',#2631,#2632);
#2631 = CARTESIAN_POINT('',(6.0496565,5.,-1.110223024625E-15));
#2632 = VECTOR('',#2633,1.);
#2633 = DIRECTION('',(0.,-1.,2.22044604925E-16));
#2634 = PLANE('',#2635);
#2635 = AXIS2_PLACEMENT_3D('',#2636,#2637,#2638);
#2636 = CARTESIAN_POINT('',(6.0496565,5.,0.65));
#2637 = DIRECTION('',(1.,0.,0.));
#2638 = DIRECTION('',(0.,-2.22044604925E-16,-1.));
#2639 = ADVANCED_FACE('',(#2640),#2713,.F.);
#2640 = FACE_BOUND('',#2641,.F.);
#2641 = EDGE_LOOP('',(#2642,#2652,#2660,#2668,#2676,#2684,#2690,#2691,
    #2697,#2698,#2699,#2707));
#2642 = ORIENTED_EDGE('',*,*,#2643,.T.);
#2643 = EDGE_CURVE('',#2644,#2646,#2648,.T.);
#2644 = VERTEX_POINT('',#2645);
#2645 = CARTESIAN_POINT('',(0.5496565,1.2,0.65));
#2646 = VERTEX_POINT('',#2647);
#2647 = CARTESIAN_POINT('',(0.329421,1.2,0.65));
#2648 = LINE('',#2649,#2650);
#2649 = CARTESIAN_POINT('',(0.43953875,1.2,0.65));
#2650 = VECTOR('',#2651,1.);
#2651 = DIRECTION('',(-1.,0.,0.));
#2652 = ORIENTED_EDGE('',*,*,#2653,.T.);
#2653 = EDGE_CURVE('',#2646,#2654,#2656,.T.);
#2654 = VERTEX_POINT('',#2655);
#2655 = CARTESIAN_POINT('',(0.329421,1.2,2.05));
#2656 = LINE('',#2657,#2658);
#2657 = CARTESIAN_POINT('',(0.329421,1.2,0.));
#2658 = VECTOR('',#2659,1.);
#2659 = DIRECTION('',(0.,0.,1.));
#2660 = ORIENTED_EDGE('',*,*,#2661,.T.);
#2661 = EDGE_CURVE('',#2654,#2662,#2664,.T.);
#2662 = VERTEX_POINT('',#2663);
#2663 = CARTESIAN_POINT('',(0.5496565,1.2,2.05));
#2664 = LINE('',#2665,#2666);
#2665 = CARTESIAN_POINT('',(-0.213435,1.2,2.05));
#2666 = VECTOR('',#2667,1.);
#2667 = DIRECTION('',(1.,0.,0.));
#2668 = ORIENTED_EDGE('',*,*,#2669,.T.);
#2669 = EDGE_CURVE('',#2662,#2670,#2672,.T.);
#2670 = VERTEX_POINT('',#2671);
#2671 = CARTESIAN_POINT('',(0.5496565,1.2,2.7));
#2672 = LINE('',#2673,#2674);
#2673 = CARTESIAN_POINT('',(0.5496565,1.2,1.025));
#2674 = VECTOR('',#2675,1.);
#2675 = DIRECTION('',(0.,0.,1.));
#2676 = ORIENTED_EDGE('',*,*,#2677,.T.);
#2677 = EDGE_CURVE('',#2670,#2678,#2680,.T.);
#2678 = VERTEX_POINT('',#2679);
#2679 = CARTESIAN_POINT('',(6.0496565,1.2,2.7));
#2680 = LINE('',#2681,#2682);
#2681 = CARTESIAN_POINT('',(0.329421,1.2,2.7));
#2682 = VECTOR('',#2683,1.);
#2683 = DIRECTION('',(1.,0.,0.));
#2684 = ORIENTED_EDGE('',*,*,#2685,.T.);
#2685 = EDGE_CURVE('',#2678,#2129,#2686,.T.);
#2686 = LINE('',#2687,#2688);
#2687 = CARTESIAN_POINT('',(6.0496565,1.2,1.568165));
#2688 = VECTOR('',#2689,1.);
#2689 = DIRECTION('',(0.,0.,-1.));
#2690 = ORIENTED_EDGE('',*,*,#2136,.T.);
#2691 = ORIENTED_EDGE('',*,*,#2692,.F.);
#2692 = EDGE_CURVE('',#2048,#2137,#2693,.T.);
#2693 = LINE('',#2694,#2695);
#2694 = CARTESIAN_POINT('',(6.269892,1.2,0.));
#2695 = VECTOR('',#2696,1.);
#2696 = DIRECTION('',(0.,0.,1.));
#2697 = ORIENTED_EDGE('',*,*,#2056,.T.);
#2698 = ORIENTED_EDGE('',*,*,#2621,.T.);
#2699 = ORIENTED_EDGE('',*,*,#2700,.F.);
#2700 = EDGE_CURVE('',#2701,#2622,#2703,.T.);
#2701 = VERTEX_POINT('',#2702);
#2702 = CARTESIAN_POINT('',(0.5496565,1.2,-1.33226762955E-16));
#2703 = LINE('',#2704,#2705);
#2704 = CARTESIAN_POINT('',(0.329421,1.2,0.));
#2705 = VECTOR('',#2706,1.);
#2706 = DIRECTION('',(1.,0.,0.));
#2707 = ORIENTED_EDGE('',*,*,#2708,.T.);
#2708 = EDGE_CURVE('',#2701,#2644,#2709,.T.);
#2709 = LINE('',#2710,#2711);
#2710 = CARTESIAN_POINT('',(0.5496565,1.2,-5.551115123126E-16));
#2711 = VECTOR('',#2712,1.);
#2712 = DIRECTION('',(0.,0.,1.));
#2713 = PLANE('',#2714);
#2714 = AXIS2_PLACEMENT_3D('',#2715,#2716,#2717);
#2715 = CARTESIAN_POINT('',(0.329421,1.2,0.));
#2716 = DIRECTION('',(0.,1.,0.));
#2717 = DIRECTION('',(1.,0.,0.));
#2718 = ADVANCED_FACE('',(#2719),#2725,.F.);
#2719 = FACE_BOUND('',#2720,.T.);
#2720 = EDGE_LOOP('',(#2721,#2722,#2723,#2724));
#2721 = ORIENTED_EDGE('',*,*,#2047,.T.);
#2722 = ORIENTED_EDGE('',*,*,#2510,.T.);
#2723 = ORIENTED_EDGE('',*,*,#2144,.F.);
#2724 = ORIENTED_EDGE('',*,*,#2692,.F.);
#2725 = CYLINDRICAL_SURFACE('',#2726,0.130108);
#2726 = AXIS2_PLACEMENT_3D('',#2727,#2728,#2729);
#2727 = CARTESIAN_POINT('',(6.269892,1.069892,0.));
#2728 = DIRECTION('',(-0.,-0.,-1.));
#2729 = DIRECTION('',(1.,0.,0.));
#2730 = ADVANCED_FACE('',(#2731),#2742,.T.);
#2731 = FACE_BOUND('',#2732,.T.);
#2732 = EDGE_LOOP('',(#2733,#2734,#2735,#2741));
#2733 = ORIENTED_EDGE('',*,*,#2128,.F.);
#2734 = ORIENTED_EDGE('',*,*,#2541,.T.);
#2735 = ORIENTED_EDGE('',*,*,#2736,.F.);
#2736 = EDGE_CURVE('',#2678,#2542,#2737,.T.);
#2737 = LINE('',#2738,#2739);
#2738 = CARTESIAN_POINT('',(6.0496565,2.992113786817,2.7));
#2739 = VECTOR('',#2740,1.);
#2740 = DIRECTION('',(0.,1.,0.));
#2741 = ORIENTED_EDGE('',*,*,#2685,.T.);
#2742 = PLANE('',#2743);
#2743 = AXIS2_PLACEMENT_3D('',#2744,#2745,#2746);
#2744 = CARTESIAN_POINT('',(6.0496565,5.,3.13633));
#2745 = DIRECTION('',(1.,0.,0.));
#2746 = DIRECTION('',(0.,-2.22044604925E-16,-1.));
#2747 = ADVANCED_FACE('',(#2748),#2759,.F.);
#2748 = FACE_BOUND('',#2749,.F.);
#2749 = EDGE_LOOP('',(#2750,#2751,#2757,#2758));
#2750 = ORIENTED_EDGE('',*,*,#2302,.F.);
#2751 = ORIENTED_EDGE('',*,*,#2752,.T.);
#2752 = EDGE_CURVE('',#2295,#2238,#2753,.T.);
#2753 = LINE('',#2754,#2755);
#2754 = CARTESIAN_POINT('',(7.2,0.2,0.));
#2755 = VECTOR('',#2756,1.);
#2756 = DIRECTION('',(0.,0.,1.));
#2757 = ORIENTED_EDGE('',*,*,#2245,.T.);
#2758 = ORIENTED_EDGE('',*,*,#2270,.F.);
#2759 = PLANE('',#2760);
#2760 = AXIS2_PLACEMENT_3D('',#2761,#2762,#2763);
#2761 = CARTESIAN_POINT('',(7.2,0.2,0.));
#2762 = DIRECTION('',(0.,-1.,0.));
#2763 = DIRECTION('',(-1.,0.,0.));
#2764 = ADVANCED_FACE('',(#2765),#2776,.F.);
#2765 = FACE_BOUND('',#2766,.F.);
#2766 = EDGE_LOOP('',(#2767,#2768,#2774,#2775));
#2767 = ORIENTED_EDGE('',*,*,#2294,.F.);
#2768 = ORIENTED_EDGE('',*,*,#2769,.T.);
#2769 = EDGE_CURVE('',#2285,#2230,#2770,.T.);
#2770 = LINE('',#2771,#2772);
#2771 = CARTESIAN_POINT('',(7.2,5.551115123126E-17,0.));
#2772 = VECTOR('',#2773,1.);
#2773 = DIRECTION('',(0.,0.,1.));
#2774 = ORIENTED_EDGE('',*,*,#2237,.T.);
#2775 = ORIENTED_EDGE('',*,*,#2752,.F.);
#2776 = PLANE('',#2777);
#2777 = AXIS2_PLACEMENT_3D('',#2778,#2779,#2780);
#2778 = CARTESIAN_POINT('',(7.2,5.551115123126E-17,0.));
#2779 = DIRECTION('',(-1.,0.,0.));
#2780 = DIRECTION('',(0.,1.,0.));
#2781 = ADVANCED_FACE('',(#2782),#2793,.T.);
#2782 = FACE_BOUND('',#2783,.T.);
#2783 = EDGE_LOOP('',(#2784,#2785,#2786,#2787));
#2784 = ORIENTED_EDGE('',*,*,#2284,.F.);
#2785 = ORIENTED_EDGE('',*,*,#2769,.T.);
#2786 = ORIENTED_EDGE('',*,*,#2229,.T.);
#2787 = ORIENTED_EDGE('',*,*,#2788,.F.);
#2788 = EDGE_CURVE('',#2287,#2221,#2789,.T.);
#2789 = LINE('',#2790,#2791);
#2790 = CARTESIAN_POINT('',(6.68,5.551115123126E-17,0.));
#2791 = VECTOR('',#2792,1.);
#2792 = DIRECTION('',(0.,0.,1.));
#2793 = PLANE('',#2794);
#2794 = AXIS2_PLACEMENT_3D('',#2795,#2796,#2797);
#2795 = CARTESIAN_POINT('',(7.2,5.551115123126E-17,0.));
#2796 = DIRECTION('',(0.,-1.,0.));
#2797 = DIRECTION('',(-1.,0.,0.));
#2798 = ADVANCED_FACE('',(#2799),#2805,.T.);
#2799 = FACE_BOUND('',#2800,.F.);
#2800 = EDGE_LOOP('',(#2801,#2802,#2803,#2804));
#2801 = ORIENTED_EDGE('',*,*,#2326,.T.);
#2802 = ORIENTED_EDGE('',*,*,#2519,.T.);
#2803 = ORIENTED_EDGE('',*,*,#2220,.T.);
#2804 = ORIENTED_EDGE('',*,*,#2788,.F.);
#2805 = CYLINDRICAL_SURFACE('',#2806,0.28);
#2806 = AXIS2_PLACEMENT_3D('',#2807,#2808,#2809);
#2807 = CARTESIAN_POINT('',(6.68,0.28,0.));
#2808 = DIRECTION('',(-0.,-0.,-1.));
#2809 = DIRECTION('',(1.,0.,0.));
#2810 = ADVANCED_FACE('',(#2811),#2822,.F.);
#2811 = FACE_BOUND('',#2812,.F.);
#2812 = EDGE_LOOP('',(#2813,#2814,#2815,#2821));
#2813 = ORIENTED_EDGE('',*,*,#2629,.F.);
#2814 = ORIENTED_EDGE('',*,*,#2597,.T.);
#2815 = ORIENTED_EDGE('',*,*,#2816,.T.);
#2816 = EDGE_CURVE('',#2590,#2701,#2817,.T.);
#2817 = LINE('',#2818,#2819);
#2818 = CARTESIAN_POINT('',(0.5496565,5.,-1.110223024625E-15));
#2819 = VECTOR('',#2820,1.);
#2820 = DIRECTION('',(0.,-1.,2.22044604925E-16));
#2821 = ORIENTED_EDGE('',*,*,#2700,.T.);
#2822 = PLANE('',#2823);
#2823 = AXIS2_PLACEMENT_3D('',#2824,#2825,#2826);
#2824 = CARTESIAN_POINT('',(3.300575872707,0.984227573633,0.));
#2825 = DIRECTION('',(0.,0.,1.));
#2826 = DIRECTION('',(1.,0.,0.));
#2827 = ADVANCED_FACE('',(#2828),#2839,.T.);
#2828 = FACE_BOUND('',#2829,.T.);
#2829 = EDGE_LOOP('',(#2830,#2831,#2832,#2833));
#2830 = ORIENTED_EDGE('',*,*,#2589,.T.);
#2831 = ORIENTED_EDGE('',*,*,#2816,.T.);
#2832 = ORIENTED_EDGE('',*,*,#2708,.T.);
#2833 = ORIENTED_EDGE('',*,*,#2834,.F.);
#2834 = EDGE_CURVE('',#2582,#2644,#2835,.T.);
#2835 = LINE('',#2836,#2837);
#2836 = CARTESIAN_POINT('',(0.5496565,5.,0.65));
#2837 = VECTOR('',#2838,1.);
#2838 = DIRECTION('',(0.,-1.,2.22044604925E-16));
#2839 = PLANE('',#2840);
#2840 = AXIS2_PLACEMENT_3D('',#2841,#2842,#2843);
#2841 = CARTESIAN_POINT('',(0.5496565,5.,-1.110223024625E-15));
#2842 = DIRECTION('',(-1.,0.,0.));
#2843 = DIRECTION('',(0.,2.22044604925E-16,1.));
#2844 = ADVANCED_FACE('',(#2845),#2890,.T.);
#2845 = FACE_BOUND('',#2846,.T.);
#2846 = EDGE_LOOP('',(#2847,#2848,#2849,#2850,#2859,#2867,#2875,#2883));
#2847 = ORIENTED_EDGE('',*,*,#2581,.T.);
#2848 = ORIENTED_EDGE('',*,*,#2834,.T.);
#2849 = ORIENTED_EDGE('',*,*,#2643,.T.);
#2850 = ORIENTED_EDGE('',*,*,#2851,.F.);
#2851 = EDGE_CURVE('',#2852,#2646,#2854,.T.);
#2852 = VERTEX_POINT('',#2853);
#2853 = CARTESIAN_POINT('',(0.2,1.070579,0.65));
#2854 = CIRCLE('',#2855,0.129421);
#2855 = AXIS2_PLACEMENT_3D('',#2856,#2857,#2858);
#2856 = CARTESIAN_POINT('',(0.329421,1.070579,0.65));
#2857 = DIRECTION('',(0.,0.,-1.));
#2858 = DIRECTION('',(1.,0.,0.));
#2859 = ORIENTED_EDGE('',*,*,#2860,.T.);
#2860 = EDGE_CURVE('',#2852,#2861,#2863,.T.);
#2861 = VERTEX_POINT('',#2862);
#2862 = CARTESIAN_POINT('',(0.2,0.85,0.65));
#2863 = LINE('',#2864,#2865);
#2864 = CARTESIAN_POINT('',(0.2,2.642426514308,0.65));
#2865 = VECTOR('',#2866,1.);
#2866 = DIRECTION('',(0.,-1.,2.22044604925E-16));
#2867 = ORIENTED_EDGE('',*,*,#2868,.T.);
#2868 = EDGE_CURVE('',#2861,#2869,#2871,.T.);
#2869 = VERTEX_POINT('',#2870);
#2870 = CARTESIAN_POINT('',(0.,0.85,0.65));
#2871 = LINE('',#2872,#2873);
#2872 = CARTESIAN_POINT('',(0.5496565,0.85,0.65));
#2873 = VECTOR('',#2874,1.);
#2874 = DIRECTION('',(-1.,0.,0.));
#2875 = ORIENTED_EDGE('',*,*,#2876,.F.);
#2876 = EDGE_CURVE('',#2877,#2869,#2879,.T.);
#2877 = VERTEX_POINT('',#2878);
#2878 = CARTESIAN_POINT('',(5.551115123126E-17,1.0705795,0.65));
#2879 = LINE('',#2880,#2881);
#2880 = CARTESIAN_POINT('',(2.775557561563E-17,2.642426514308,0.65));
#2881 = VECTOR('',#2882,1.);
#2882 = DIRECTION('',(0.,-1.,2.22044604925E-16));
#2883 = ORIENTED_EDGE('',*,*,#2884,.T.);
#2884 = EDGE_CURVE('',#2877,#2574,#2885,.T.);
#2885 = CIRCLE('',#2886,0.3294205);
#2886 = AXIS2_PLACEMENT_3D('',#2887,#2888,#2889);
#2887 = CARTESIAN_POINT('',(0.3294205,1.0705795,0.65));
#2888 = DIRECTION('',(0.,0.,-1.));
#2889 = DIRECTION('',(1.,0.,0.));
#2890 = PLANE('',#2891);
#2891 = AXIS2_PLACEMENT_3D('',#2892,#2893,#2894);
#2892 = CARTESIAN_POINT('',(0.5496565,5.,0.65));
#2893 = DIRECTION('',(-0.,-2.22044604925E-16,-1.));
#2894 = DIRECTION('',(-1.,0.,0.));
#2895 = ADVANCED_FACE('',(#2896),#2915,.T.);
#2896 = FACE_BOUND('',#2897,.F.);
#2897 = EDGE_LOOP('',(#2898,#2899,#2900,#2909));
#2898 = ORIENTED_EDGE('',*,*,#2884,.T.);
#2899 = ORIENTED_EDGE('',*,*,#2573,.T.);
#2900 = ORIENTED_EDGE('',*,*,#2901,.F.);
#2901 = EDGE_CURVE('',#2902,#2566,#2904,.T.);
#2902 = VERTEX_POINT('',#2903);
#2903 = CARTESIAN_POINT('',(5.551115123126E-17,1.0705795,2.05));
#2904 = CIRCLE('',#2905,0.3294205);
#2905 = AXIS2_PLACEMENT_3D('',#2906,#2907,#2908);
#2906 = CARTESIAN_POINT('',(0.3294205,1.0705795,2.05));
#2907 = DIRECTION('',(0.,0.,-1.));
#2908 = DIRECTION('',(1.,0.,0.));
#2909 = ORIENTED_EDGE('',*,*,#2910,.F.);
#2910 = EDGE_CURVE('',#2877,#2902,#2911,.T.);
#2911 = LINE('',#2912,#2913);
#2912 = CARTESIAN_POINT('',(5.551115123126E-17,1.0705795,0.));
#2913 = VECTOR('',#2914,1.);
#2914 = DIRECTION('',(0.,0.,1.));
#2915 = CYLINDRICAL_SURFACE('',#2916,0.3294205);
#2916 = AXIS2_PLACEMENT_3D('',#2917,#2918,#2919);
#2917 = CARTESIAN_POINT('',(0.3294205,1.0705795,0.));
#2918 = DIRECTION('',(-0.,-0.,-1.));
#2919 = DIRECTION('',(1.,0.,0.));
#2920 = ADVANCED_FACE('',(#2921),#2963,.T.);
#2921 = FACE_BOUND('',#2922,.T.);
#2922 = EDGE_LOOP('',(#2923,#2931,#2939,#2947,#2954,#2955,#2961,#2962));
#2923 = ORIENTED_EDGE('',*,*,#2924,.F.);
#2924 = EDGE_CURVE('',#2925,#2902,#2927,.T.);
#2925 = VERTEX_POINT('',#2926);
#2926 = CARTESIAN_POINT('',(0.,0.85,2.05));
#2927 = LINE('',#2928,#2929);
#2928 = CARTESIAN_POINT('',(2.775557561563E-17,2.642426514308,2.05));
#2929 = VECTOR('',#2930,1.);
#2930 = DIRECTION('',(0.,1.,-2.22044604925E-16));
#2931 = ORIENTED_EDGE('',*,*,#2932,.T.);
#2932 = EDGE_CURVE('',#2925,#2933,#2935,.T.);
#2933 = VERTEX_POINT('',#2934);
#2934 = CARTESIAN_POINT('',(0.2,0.85,2.05));
#2935 = LINE('',#2936,#2937);
#2936 = CARTESIAN_POINT('',(-0.756291,0.85,2.05));
#2937 = VECTOR('',#2938,1.);
#2938 = DIRECTION('',(1.,0.,0.));
#2939 = ORIENTED_EDGE('',*,*,#2940,.T.);
#2940 = EDGE_CURVE('',#2933,#2941,#2943,.T.);
#2941 = VERTEX_POINT('',#2942);
#2942 = CARTESIAN_POINT('',(0.2,1.070579,2.05));
#2943 = LINE('',#2944,#2945);
#2944 = CARTESIAN_POINT('',(0.2,2.642426514308,2.05));
#2945 = VECTOR('',#2946,1.);
#2946 = DIRECTION('',(0.,1.,-2.22044604925E-16));
#2947 = ORIENTED_EDGE('',*,*,#2948,.T.);
#2948 = EDGE_CURVE('',#2941,#2654,#2949,.T.);
#2949 = CIRCLE('',#2950,0.129421);
#2950 = AXIS2_PLACEMENT_3D('',#2951,#2952,#2953);
#2951 = CARTESIAN_POINT('',(0.329421,1.070579,2.05));
#2952 = DIRECTION('',(0.,0.,-1.));
#2953 = DIRECTION('',(1.,0.,0.));
#2954 = ORIENTED_EDGE('',*,*,#2661,.T.);
#2955 = ORIENTED_EDGE('',*,*,#2956,.F.);
#2956 = EDGE_CURVE('',#2558,#2662,#2957,.T.);
#2957 = LINE('',#2958,#2959);
#2958 = CARTESIAN_POINT('',(0.5496565,5.,2.05));
#2959 = VECTOR('',#2960,1.);
#2960 = DIRECTION('',(0.,-1.,2.22044604925E-16));
#2961 = ORIENTED_EDGE('',*,*,#2565,.T.);
#2962 = ORIENTED_EDGE('',*,*,#2901,.F.);
#2963 = PLANE('',#2964);
#2964 = AXIS2_PLACEMENT_3D('',#2965,#2966,#2967);
#2965 = CARTESIAN_POINT('',(-0.756291,5.,2.05));
#2966 = DIRECTION('',(0.,2.22044604925E-16,1.));
#2967 = DIRECTION('',(1.,0.,0.));
#2968 = ADVANCED_FACE('',(#2969),#2980,.T.);
#2969 = FACE_BOUND('',#2970,.T.);
#2970 = EDGE_LOOP('',(#2971,#2972,#2973,#2974));
#2971 = ORIENTED_EDGE('',*,*,#2557,.T.);
#2972 = ORIENTED_EDGE('',*,*,#2956,.T.);
#2973 = ORIENTED_EDGE('',*,*,#2669,.T.);
#2974 = ORIENTED_EDGE('',*,*,#2975,.F.);
#2975 = EDGE_CURVE('',#2550,#2670,#2976,.T.);
#2976 = LINE('',#2977,#2978);
#2977 = CARTESIAN_POINT('',(0.5496565,2.992113786817,2.7));
#2978 = VECTOR('',#2979,1.);
#2979 = DIRECTION('',(0.,-1.,0.));
#2980 = PLANE('',#2981);
#2981 = AXIS2_PLACEMENT_3D('',#2982,#2983,#2984);
#2982 = CARTESIAN_POINT('',(0.5496565,5.,2.05));
#2983 = DIRECTION('',(-1.,0.,0.));
#2984 = DIRECTION('',(0.,2.22044604925E-16,1.));
#2985 = ADVANCED_FACE('',(#2986),#2992,.T.);
#2986 = FACE_BOUND('',#2987,.T.);
#2987 = EDGE_LOOP('',(#2988,#2989,#2990,#2991));
#2988 = ORIENTED_EDGE('',*,*,#2736,.T.);
#2989 = ORIENTED_EDGE('',*,*,#2549,.T.);
#2990 = ORIENTED_EDGE('',*,*,#2975,.T.);
#2991 = ORIENTED_EDGE('',*,*,#2677,.T.);
#2992 = PLANE('',#2993);
#2993 = AXIS2_PLACEMENT_3D('',#2994,#2995,#2996);
#2994 = CARTESIAN_POINT('',(3.300575872707,0.984227573633,2.7));
#2995 = DIRECTION('',(0.,0.,1.));
#2996 = DIRECTION('',(1.,0.,0.));
#2997 = ADVANCED_FACE('',(#2998),#3009,.F.);
#2998 = FACE_BOUND('',#2999,.T.);
#2999 = EDGE_LOOP('',(#3000,#3001,#3002,#3003));
#3000 = ORIENTED_EDGE('',*,*,#2851,.T.);
#3001 = ORIENTED_EDGE('',*,*,#2653,.T.);
#3002 = ORIENTED_EDGE('',*,*,#2948,.F.);
#3003 = ORIENTED_EDGE('',*,*,#3004,.F.);
#3004 = EDGE_CURVE('',#2852,#2941,#3005,.T.);
#3005 = LINE('',#3006,#3007);
#3006 = CARTESIAN_POINT('',(0.2,1.070579,0.));
#3007 = VECTOR('',#3008,1.);
#3008 = DIRECTION('',(0.,0.,1.));
#3009 = CYLINDRICAL_SURFACE('',#3010,0.129421);
#3010 = AXIS2_PLACEMENT_3D('',#3011,#3012,#3013);
#3011 = CARTESIAN_POINT('',(0.329421,1.070579,0.));
#3012 = DIRECTION('',(-0.,-0.,-1.));
#3013 = DIRECTION('',(1.,0.,0.));
#3014 = ADVANCED_FACE('',(#3015),#3090,.T.);
#3015 = FACE_BOUND('',#3016,.T.);
#3016 = EDGE_LOOP('',(#3017,#3027,#3035,#3043,#3051,#3059,#3067,#3075,
    #3081,#3082,#3083,#3084));
#3017 = ORIENTED_EDGE('',*,*,#3018,.F.);
#3018 = EDGE_CURVE('',#3019,#3021,#3023,.T.);
#3019 = VERTEX_POINT('',#3020);
#3020 = CARTESIAN_POINT('',(4.857225732735E-17,0.284853028616,0.));
#3021 = VERTEX_POINT('',#3022);
#3022 = CARTESIAN_POINT('',(2.775557561563E-17,0.85,-9.436895709314E-17)
  );
#3023 = LINE('',#3024,#3025);
#3024 = CARTESIAN_POINT('',(5.551115123126E-17,0.284853028616,0.));
#3025 = VECTOR('',#3026,1.);
#3026 = DIRECTION('',(0.,1.,0.));
#3027 = ORIENTED_EDGE('',*,*,#3028,.T.);
#3028 = EDGE_CURVE('',#3019,#3029,#3031,.T.);
#3029 = VERTEX_POINT('',#3030);
#3030 = CARTESIAN_POINT('',(4.857225732735E-17,0.284853028616,0.4));
#3031 = LINE('',#3032,#3033);
#3032 = CARTESIAN_POINT('',(4.857225732735E-17,0.284853028616,0.));
#3033 = VECTOR('',#3034,1.);
#3034 = DIRECTION('',(0.,0.,1.));
#3035 = ORIENTED_EDGE('',*,*,#3036,.F.);
#3036 = EDGE_CURVE('',#3037,#3029,#3039,.T.);
#3037 = VERTEX_POINT('',#3038);
#3038 = CARTESIAN_POINT('',(0.,0.3,0.4));
#3039 = LINE('',#3040,#3041);
#3040 = CARTESIAN_POINT('',(2.775557561563E-17,0.142426514308,0.4));
#3041 = VECTOR('',#3042,1.);
#3042 = DIRECTION('',(0.,-1.,2.22044604925E-16));
#3043 = ORIENTED_EDGE('',*,*,#3044,.F.);
#3044 = EDGE_CURVE('',#3045,#3037,#3047,.T.);
#3045 = VERTEX_POINT('',#3046);
#3046 = CARTESIAN_POINT('',(5.551115123126E-17,0.3,2.2));
#3047 = LINE('',#3048,#3049);
#3048 = CARTESIAN_POINT('',(2.775557561563E-17,0.3,0.65));
#3049 = VECTOR('',#3050,1.);
#3050 = DIRECTION('',(0.,0.,-1.));
#3051 = ORIENTED_EDGE('',*,*,#3052,.F.);
#3052 = EDGE_CURVE('',#3053,#3045,#3055,.T.);
#3053 = VERTEX_POINT('',#3054);
#3054 = CARTESIAN_POINT('',(4.857225732735E-17,0.284853028616,2.2));
#3055 = LINE('',#3056,#3057);
#3056 = CARTESIAN_POINT('',(5.551115123126E-17,0.142426514308,2.2));
#3057 = VECTOR('',#3058,1.);
#3058 = DIRECTION('',(0.,1.,-2.22044604925E-16));
#3059 = ORIENTED_EDGE('',*,*,#3060,.T.);
#3060 = EDGE_CURVE('',#3053,#3061,#3063,.T.);
#3061 = VERTEX_POINT('',#3062);
#3062 = CARTESIAN_POINT('',(4.857225732735E-17,0.284853028616,2.7));
#3063 = LINE('',#3064,#3065);
#3064 = CARTESIAN_POINT('',(4.857225732735E-17,0.284853028616,0.));
#3065 = VECTOR('',#3066,1.);
#3066 = DIRECTION('',(0.,0.,1.));
#3067 = ORIENTED_EDGE('',*,*,#3068,.T.);
#3068 = EDGE_CURVE('',#3061,#3069,#3071,.T.);
#3069 = VERTEX_POINT('',#3070);
#3070 = CARTESIAN_POINT('',(5.551115123126E-17,0.85,2.7));
#3071 = LINE('',#3072,#3073);
#3072 = CARTESIAN_POINT('',(5.551115123126E-17,0.284853028616,2.7));
#3073 = VECTOR('',#3074,1.);
#3074 = DIRECTION('',(0.,1.,0.));
#3075 = ORIENTED_EDGE('',*,*,#3076,.T.);
#3076 = EDGE_CURVE('',#3069,#2925,#3077,.T.);
#3077 = LINE('',#3078,#3079);
#3078 = CARTESIAN_POINT('',(2.775557561563E-17,0.85,0.796746984743));
#3079 = VECTOR('',#3080,1.);
#3080 = DIRECTION('',(0.,0.,-1.));
#3081 = ORIENTED_EDGE('',*,*,#2924,.T.);
#3082 = ORIENTED_EDGE('',*,*,#2910,.F.);
#3083 = ORIENTED_EDGE('',*,*,#2876,.T.);
#3084 = ORIENTED_EDGE('',*,*,#3085,.T.);
#3085 = EDGE_CURVE('',#2869,#3021,#3086,.T.);
#3086 = LINE('',#3087,#3088);
#3087 = CARTESIAN_POINT('',(2.775557561563E-17,0.85,0.796746984743));
#3088 = VECTOR('',#3089,1.);
#3089 = DIRECTION('',(0.,0.,-1.));
#3090 = PLANE('',#3091);
#3091 = AXIS2_PLACEMENT_3D('',#3092,#3093,#3094);
#3092 = CARTESIAN_POINT('',(5.551115123126E-17,0.284853028616,0.));
#3093 = DIRECTION('',(-1.,0.,0.));
#3094 = DIRECTION('',(0.,1.,0.));
#3095 = ADVANCED_FACE('',(#3096),#3114,.T.);
#3096 = FACE_BOUND('',#3097,.T.);
#3097 = EDGE_LOOP('',(#3098,#3106,#3112,#3113));
#3098 = ORIENTED_EDGE('',*,*,#3099,.T.);
#3099 = EDGE_CURVE('',#2861,#3100,#3102,.T.);
#3100 = VERTEX_POINT('',#3101);
#3101 = CARTESIAN_POINT('',(0.2,0.85,-9.436895709314E-17));
#3102 = LINE('',#3103,#3104);
#3103 = CARTESIAN_POINT('',(0.2,0.85,0.796746984743));
#3104 = VECTOR('',#3105,1.);
#3105 = DIRECTION('',(0.,0.,-1.));
#3106 = ORIENTED_EDGE('',*,*,#3107,.F.);
#3107 = EDGE_CURVE('',#3021,#3100,#3108,.T.);
#3108 = LINE('',#3109,#3110);
#3109 = CARTESIAN_POINT('',(-0.782714,0.85,-1.887379141863E-16));
#3110 = VECTOR('',#3111,1.);
#3111 = DIRECTION('',(1.,0.,0.));
#3112 = ORIENTED_EDGE('',*,*,#3085,.F.);
#3113 = ORIENTED_EDGE('',*,*,#2868,.F.);
#3114 = PLANE('',#3115);
#3115 = AXIS2_PLACEMENT_3D('',#3116,#3117,#3118);
#3116 = CARTESIAN_POINT('',(3.083000318785,0.85,1.593493969486));
#3117 = DIRECTION('',(0.,1.,0.));
#3118 = DIRECTION('',(0.,0.,1.));
#3119 = ADVANCED_FACE('',(#3120),#3188,.F.);
#3120 = FACE_BOUND('',#3121,.F.);
#3121 = EDGE_LOOP('',(#3122,#3130,#3138,#3146,#3154,#3162,#3170,#3178,
    #3184,#3185,#3186,#3187));
#3122 = ORIENTED_EDGE('',*,*,#3123,.F.);
#3123 = EDGE_CURVE('',#3124,#3100,#3126,.T.);
#3124 = VERTEX_POINT('',#3125);
#3125 = CARTESIAN_POINT('',(0.2,0.284853028616,0.));
#3126 = LINE('',#3127,#3128);
#3127 = CARTESIAN_POINT('',(0.2,0.284853028616,0.));
#3128 = VECTOR('',#3129,1.);
#3129 = DIRECTION('',(0.,1.,0.));
#3130 = ORIENTED_EDGE('',*,*,#3131,.T.);
#3131 = EDGE_CURVE('',#3124,#3132,#3134,.T.);
#3132 = VERTEX_POINT('',#3133);
#3133 = CARTESIAN_POINT('',(0.2,0.284853028616,0.4));
#3134 = LINE('',#3135,#3136);
#3135 = CARTESIAN_POINT('',(0.2,0.284853028616,0.));
#3136 = VECTOR('',#3137,1.);
#3137 = DIRECTION('',(0.,0.,1.));
#3138 = ORIENTED_EDGE('',*,*,#3139,.F.);
#3139 = EDGE_CURVE('',#3140,#3132,#3142,.T.);
#3140 = VERTEX_POINT('',#3141);
#3141 = CARTESIAN_POINT('',(0.2,0.3,0.4));
#3142 = LINE('',#3143,#3144);
#3143 = CARTESIAN_POINT('',(0.2,0.142426514308,0.4));
#3144 = VECTOR('',#3145,1.);
#3145 = DIRECTION('',(0.,-1.,2.22044604925E-16));
#3146 = ORIENTED_EDGE('',*,*,#3147,.F.);
#3147 = EDGE_CURVE('',#3148,#3140,#3150,.T.);
#3148 = VERTEX_POINT('',#3149);
#3149 = CARTESIAN_POINT('',(0.2,0.3,2.2));
#3150 = LINE('',#3151,#3152);
#3151 = CARTESIAN_POINT('',(0.2,0.3,0.65));
#3152 = VECTOR('',#3153,1.);
#3153 = DIRECTION('',(0.,0.,-1.));
#3154 = ORIENTED_EDGE('',*,*,#3155,.F.);
#3155 = EDGE_CURVE('',#3156,#3148,#3158,.T.);
#3156 = VERTEX_POINT('',#3157);
#3157 = CARTESIAN_POINT('',(0.2,0.284853028616,2.2));
#3158 = LINE('',#3159,#3160);
#3159 = CARTESIAN_POINT('',(0.2,0.142426514308,2.2));
#3160 = VECTOR('',#3161,1.);
#3161 = DIRECTION('',(0.,1.,-2.22044604925E-16));
#3162 = ORIENTED_EDGE('',*,*,#3163,.T.);
#3163 = EDGE_CURVE('',#3156,#3164,#3166,.T.);
#3164 = VERTEX_POINT('',#3165);
#3165 = CARTESIAN_POINT('',(0.2,0.284853028616,2.7));
#3166 = LINE('',#3167,#3168);
#3167 = CARTESIAN_POINT('',(0.2,0.284853028616,0.));
#3168 = VECTOR('',#3169,1.);
#3169 = DIRECTION('',(0.,0.,1.));
#3170 = ORIENTED_EDGE('',*,*,#3171,.T.);
#3171 = EDGE_CURVE('',#3164,#3172,#3174,.T.);
#3172 = VERTEX_POINT('',#3173);
#3173 = CARTESIAN_POINT('',(0.2,0.85,2.7));
#3174 = LINE('',#3175,#3176);
#3175 = CARTESIAN_POINT('',(0.2,0.284853028616,2.7));
#3176 = VECTOR('',#3177,1.);
#3177 = DIRECTION('',(0.,1.,0.));
#3178 = ORIENTED_EDGE('',*,*,#3179,.T.);
#3179 = EDGE_CURVE('',#3172,#2933,#3180,.T.);
#3180 = LINE('',#3181,#3182);
#3181 = CARTESIAN_POINT('',(0.2,0.85,0.796746984743));
#3182 = VECTOR('',#3183,1.);
#3183 = DIRECTION('',(0.,0.,-1.));
#3184 = ORIENTED_EDGE('',*,*,#2940,.T.);
#3185 = ORIENTED_EDGE('',*,*,#3004,.F.);
#3186 = ORIENTED_EDGE('',*,*,#2860,.T.);
#3187 = ORIENTED_EDGE('',*,*,#3099,.T.);
#3188 = PLANE('',#3189);
#3189 = AXIS2_PLACEMENT_3D('',#3190,#3191,#3192);
#3190 = CARTESIAN_POINT('',(0.2,0.284853028616,0.));
#3191 = DIRECTION('',(-1.,0.,0.));
#3192 = DIRECTION('',(0.,1.,0.));
#3193 = ADVANCED_FACE('',(#3194),#3205,.T.);
#3194 = FACE_BOUND('',#3195,.T.);
#3195 = EDGE_LOOP('',(#3196,#3197,#3198,#3199));
#3196 = ORIENTED_EDGE('',*,*,#3179,.T.);
#3197 = ORIENTED_EDGE('',*,*,#2932,.F.);
#3198 = ORIENTED_EDGE('',*,*,#3076,.F.);
#3199 = ORIENTED_EDGE('',*,*,#3200,.F.);
#3200 = EDGE_CURVE('',#3172,#3069,#3201,.T.);
#3201 = LINE('',#3202,#3203);
#3202 = CARTESIAN_POINT('',(3.191788095746,0.85,2.7));
#3203 = VECTOR('',#3204,1.);
#3204 = DIRECTION('',(-1.,0.,0.));
#3205 = PLANE('',#3206);
#3206 = AXIS2_PLACEMENT_3D('',#3207,#3208,#3209);
#3207 = CARTESIAN_POINT('',(3.083000318785,0.85,1.593493969486));
#3208 = DIRECTION('',(0.,1.,0.));
#3209 = DIRECTION('',(0.,0.,1.));
#3210 = ADVANCED_FACE('',(#3211),#3256,.F.);
#3211 = FACE_BOUND('',#3212,.F.);
#3212 = EDGE_LOOP('',(#3213,#3214,#3215,#3224,#3232,#3240,#3248,#3255));
#3213 = ORIENTED_EDGE('',*,*,#3107,.F.);
#3214 = ORIENTED_EDGE('',*,*,#3018,.F.);
#3215 = ORIENTED_EDGE('',*,*,#3216,.F.);
#3216 = EDGE_CURVE('',#3217,#3019,#3219,.T.);
#3217 = VERTEX_POINT('',#3218);
#3218 = CARTESIAN_POINT('',(-8.485302861593E-02,0.2,0.));
#3219 = CIRCLE('',#3220,8.485302861593E-02);
#3220 = AXIS2_PLACEMENT_3D('',#3221,#3222,#3223);
#3221 = CARTESIAN_POINT('',(-8.485302861593E-02,0.284853028616,0.));
#3222 = DIRECTION('',(0.,0.,1.));
#3223 = DIRECTION('',(1.,0.,0.));
#3224 = ORIENTED_EDGE('',*,*,#3225,.T.);
#3225 = EDGE_CURVE('',#3217,#3226,#3228,.T.);
#3226 = VERTEX_POINT('',#3227);
#3227 = CARTESIAN_POINT('',(-0.6,0.2,0.));
#3228 = LINE('',#3229,#3230);
#3229 = CARTESIAN_POINT('',(-8.485302861593E-02,0.2,0.));
#3230 = VECTOR('',#3231,1.);
#3231 = DIRECTION('',(-1.,0.,0.));
#3232 = ORIENTED_EDGE('',*,*,#3233,.T.);
#3233 = EDGE_CURVE('',#3226,#3234,#3236,.T.);
#3234 = VERTEX_POINT('',#3235);
#3235 = CARTESIAN_POINT('',(-0.6,0.,0.));
#3236 = LINE('',#3237,#3238);
#3237 = CARTESIAN_POINT('',(-0.6,0.2,0.));
#3238 = VECTOR('',#3239,1.);
#3239 = DIRECTION('',(0.,-1.,0.));
#3240 = ORIENTED_EDGE('',*,*,#3241,.T.);
#3241 = EDGE_CURVE('',#3234,#3242,#3244,.T.);
#3242 = VERTEX_POINT('',#3243);
#3243 = CARTESIAN_POINT('',(-8.485302861593E-02,0.,0.));
#3244 = LINE('',#3245,#3246);
#3245 = CARTESIAN_POINT('',(-0.6,0.,0.));
#3246 = VECTOR('',#3247,1.);
#3247 = DIRECTION('',(1.,0.,0.));
#3248 = ORIENTED_EDGE('',*,*,#3249,.T.);
#3249 = EDGE_CURVE('',#3242,#3124,#3250,.T.);
#3250 = CIRCLE('',#3251,0.284853028616);
#3251 = AXIS2_PLACEMENT_3D('',#3252,#3253,#3254);
#3252 = CARTESIAN_POINT('',(-8.485302861593E-02,0.284853028616,0.));
#3253 = DIRECTION('',(0.,0.,1.));
#3254 = DIRECTION('',(1.,0.,0.));
#3255 = ORIENTED_EDGE('',*,*,#3123,.T.);
#3256 = PLANE('',#3257);
#3257 = AXIS2_PLACEMENT_3D('',#3258,#3259,#3260);
#3258 = CARTESIAN_POINT('',(3.300575872707,0.984227573633,0.));
#3259 = DIRECTION('',(0.,0.,1.));
#3260 = DIRECTION('',(1.,0.,0.));
#3261 = ADVANCED_FACE('',(#3262),#3307,.T.);
#3262 = FACE_BOUND('',#3263,.T.);
#3263 = EDGE_LOOP('',(#3264,#3265,#3266,#3275,#3283,#3291,#3299,#3306));
#3264 = ORIENTED_EDGE('',*,*,#3200,.T.);
#3265 = ORIENTED_EDGE('',*,*,#3068,.F.);
#3266 = ORIENTED_EDGE('',*,*,#3267,.F.);
#3267 = EDGE_CURVE('',#3268,#3061,#3270,.T.);
#3268 = VERTEX_POINT('',#3269);
#3269 = CARTESIAN_POINT('',(-8.485302861593E-02,0.2,2.7));
#3270 = CIRCLE('',#3271,8.485302861593E-02);
#3271 = AXIS2_PLACEMENT_3D('',#3272,#3273,#3274);
#3272 = CARTESIAN_POINT('',(-8.485302861593E-02,0.284853028616,2.7));
#3273 = DIRECTION('',(0.,0.,1.));
#3274 = DIRECTION('',(1.,0.,0.));
#3275 = ORIENTED_EDGE('',*,*,#3276,.T.);
#3276 = EDGE_CURVE('',#3268,#3277,#3279,.T.);
#3277 = VERTEX_POINT('',#3278);
#3278 = CARTESIAN_POINT('',(-0.6,0.2,2.7));
#3279 = LINE('',#3280,#3281);
#3280 = CARTESIAN_POINT('',(-8.485302861593E-02,0.2,2.7));
#3281 = VECTOR('',#3282,1.);
#3282 = DIRECTION('',(-1.,0.,0.));
#3283 = ORIENTED_EDGE('',*,*,#3284,.T.);
#3284 = EDGE_CURVE('',#3277,#3285,#3287,.T.);
#3285 = VERTEX_POINT('',#3286);
#3286 = CARTESIAN_POINT('',(-0.6,0.,2.7));
#3287 = LINE('',#3288,#3289);
#3288 = CARTESIAN_POINT('',(-0.6,0.2,2.7));
#3289 = VECTOR('',#3290,1.);
#3290 = DIRECTION('',(0.,-1.,0.));
#3291 = ORIENTED_EDGE('',*,*,#3292,.T.);
#3292 = EDGE_CURVE('',#3285,#3293,#3295,.T.);
#3293 = VERTEX_POINT('',#3294);
#3294 = CARTESIAN_POINT('',(-8.485302861593E-02,0.,2.7));
#3295 = LINE('',#3296,#3297);
#3296 = CARTESIAN_POINT('',(-0.6,0.,2.7));
#3297 = VECTOR('',#3298,1.);
#3298 = DIRECTION('',(1.,0.,0.));
#3299 = ORIENTED_EDGE('',*,*,#3300,.T.);
#3300 = EDGE_CURVE('',#3293,#3164,#3301,.T.);
#3301 = CIRCLE('',#3302,0.284853028616);
#3302 = AXIS2_PLACEMENT_3D('',#3303,#3304,#3305);
#3303 = CARTESIAN_POINT('',(-8.485302861593E-02,0.284853028616,2.7));
#3304 = DIRECTION('',(0.,0.,1.));
#3305 = DIRECTION('',(1.,0.,0.));
#3306 = ORIENTED_EDGE('',*,*,#3171,.T.);
#3307 = PLANE('',#3308);
#3308 = AXIS2_PLACEMENT_3D('',#3309,#3310,#3311);
#3309 = CARTESIAN_POINT('',(3.300575872707,0.984227573633,2.7));
#3310 = DIRECTION('',(0.,0.,1.));
#3311 = DIRECTION('',(1.,0.,0.));
#3312 = ADVANCED_FACE('',(#3313),#3332,.F.);
#3313 = FACE_BOUND('',#3314,.T.);
#3314 = EDGE_LOOP('',(#3315,#3324,#3330,#3331));
#3315 = ORIENTED_EDGE('',*,*,#3316,.T.);
#3316 = EDGE_CURVE('',#3053,#3317,#3319,.T.);
#3317 = VERTEX_POINT('',#3318);
#3318 = CARTESIAN_POINT('',(-8.485302861593E-02,0.2,2.2));
#3319 = CIRCLE('',#3320,8.485302861593E-02);
#3320 = AXIS2_PLACEMENT_3D('',#3321,#3322,#3323);
#3321 = CARTESIAN_POINT('',(-8.485302861593E-02,0.284853028616,2.2));
#3322 = DIRECTION('',(0.,0.,-1.));
#3323 = DIRECTION('',(1.,0.,0.));
#3324 = ORIENTED_EDGE('',*,*,#3325,.T.);
#3325 = EDGE_CURVE('',#3317,#3268,#3326,.T.);
#3326 = LINE('',#3327,#3328);
#3327 = CARTESIAN_POINT('',(-8.485302861593E-02,0.2,0.));
#3328 = VECTOR('',#3329,1.);
#3329 = DIRECTION('',(0.,0.,1.));
#3330 = ORIENTED_EDGE('',*,*,#3267,.T.);
#3331 = ORIENTED_EDGE('',*,*,#3060,.F.);
#3332 = CYLINDRICAL_SURFACE('',#3333,8.485302861593E-02);
#3333 = AXIS2_PLACEMENT_3D('',#3334,#3335,#3336);
#3334 = CARTESIAN_POINT('',(-8.485302861593E-02,0.284853028616,0.));
#3335 = DIRECTION('',(-0.,-0.,-1.));
#3336 = DIRECTION('',(1.,0.,0.));
#3337 = ADVANCED_FACE('',(#3338),#3380,.F.);
#3338 = FACE_BOUND('',#3339,.F.);
#3339 = EDGE_LOOP('',(#3340,#3350,#3357,#3358,#3364,#3365,#3366,#3374));
#3340 = ORIENTED_EDGE('',*,*,#3341,.F.);
#3341 = EDGE_CURVE('',#3342,#3344,#3346,.T.);
#3342 = VERTEX_POINT('',#3343);
#3343 = CARTESIAN_POINT('',(-8.485302861593E-02,2.442490654175E-16,2.2)
  );
#3344 = VERTEX_POINT('',#3345);
#3345 = CARTESIAN_POINT('',(-0.6,2.442490654175E-16,2.2));
#3346 = LINE('',#3347,#3348);
#3347 = CARTESIAN_POINT('',(0.321299,4.884981308351E-16,2.2));
#3348 = VECTOR('',#3349,1.);
#3349 = DIRECTION('',(-1.,0.,0.));
#3350 = ORIENTED_EDGE('',*,*,#3351,.F.);
#3351 = EDGE_CURVE('',#3156,#3342,#3352,.T.);
#3352 = CIRCLE('',#3353,0.284853028616);
#3353 = AXIS2_PLACEMENT_3D('',#3354,#3355,#3356);
#3354 = CARTESIAN_POINT('',(-8.485302861593E-02,0.284853028616,2.2));
#3355 = DIRECTION('',(0.,0.,-1.));
#3356 = DIRECTION('',(1.,0.,0.));
#3357 = ORIENTED_EDGE('',*,*,#3155,.T.);
#3358 = ORIENTED_EDGE('',*,*,#3359,.T.);
#3359 = EDGE_CURVE('',#3148,#3045,#3360,.T.);
#3360 = LINE('',#3361,#3362);
#3361 = CARTESIAN_POINT('',(0.321299,0.3,2.2));
#3362 = VECTOR('',#3363,1.);
#3363 = DIRECTION('',(-1.,0.,0.));
#3364 = ORIENTED_EDGE('',*,*,#3052,.F.);
#3365 = ORIENTED_EDGE('',*,*,#3316,.T.);
#3366 = ORIENTED_EDGE('',*,*,#3367,.T.);
#3367 = EDGE_CURVE('',#3317,#3368,#3370,.T.);
#3368 = VERTEX_POINT('',#3369);
#3369 = CARTESIAN_POINT('',(-0.6,0.2,2.2));
#3370 = LINE('',#3371,#3372);
#3371 = CARTESIAN_POINT('',(0.118222985692,0.2,2.2));
#3372 = VECTOR('',#3373,1.);
#3373 = DIRECTION('',(-1.,0.,0.));
#3374 = ORIENTED_EDGE('',*,*,#3375,.T.);
#3375 = EDGE_CURVE('',#3368,#3344,#3376,.T.);
#3376 = LINE('',#3377,#3378);
#3377 = CARTESIAN_POINT('',(-0.6,0.1,2.2));
#3378 = VECTOR('',#3379,1.);
#3379 = DIRECTION('',(0.,-1.,2.22044604925E-16));
#3380 = PLANE('',#3381);
#3381 = AXIS2_PLACEMENT_3D('',#3382,#3383,#3384);
#3382 = CARTESIAN_POINT('',(0.321299,4.884981308351E-16,2.2));
#3383 = DIRECTION('',(0.,2.22044604925E-16,1.));
#3384 = DIRECTION('',(-1.,0.,0.));
#3385 = ADVANCED_FACE('',(#3386),#3397,.F.);
#3386 = FACE_BOUND('',#3387,.F.);
#3387 = EDGE_LOOP('',(#3388,#3389,#3390,#3391));
#3388 = ORIENTED_EDGE('',*,*,#3044,.F.);
#3389 = ORIENTED_EDGE('',*,*,#3359,.F.);
#3390 = ORIENTED_EDGE('',*,*,#3147,.T.);
#3391 = ORIENTED_EDGE('',*,*,#3392,.F.);
#3392 = EDGE_CURVE('',#3037,#3140,#3393,.T.);
#3393 = LINE('',#3394,#3395);
#3394 = CARTESIAN_POINT('',(-1.024908,0.3,0.4));
#3395 = VECTOR('',#3396,1.);
#3396 = DIRECTION('',(1.,0.,0.));
#3397 = PLANE('',#3398);
#3398 = AXIS2_PLACEMENT_3D('',#3399,#3400,#3401);
#3399 = CARTESIAN_POINT('',(3.235015069428,0.3,1.3));
#3400 = DIRECTION('',(0.,1.,0.));
#3401 = DIRECTION('',(0.,0.,1.));
#3402 = ADVANCED_FACE('',(#3403),#3448,.F.);
#3403 = FACE_BOUND('',#3404,.F.);
#3404 = EDGE_LOOP('',(#3405,#3415,#3423,#3431,#3438,#3439,#3440,#3441));
#3405 = ORIENTED_EDGE('',*,*,#3406,.F.);
#3406 = EDGE_CURVE('',#3407,#3409,#3411,.T.);
#3407 = VERTEX_POINT('',#3408);
#3408 = CARTESIAN_POINT('',(-0.6,4.440892098501E-17,0.4));
#3409 = VERTEX_POINT('',#3410);
#3410 = CARTESIAN_POINT('',(-8.485302861593E-02,4.440892098501E-17,0.4)
  );
#3411 = LINE('',#3412,#3413);
#3412 = CARTESIAN_POINT('',(-1.024908,8.881784197001E-17,0.4));
#3413 = VECTOR('',#3414,1.);
#3414 = DIRECTION('',(1.,0.,0.));
#3415 = ORIENTED_EDGE('',*,*,#3416,.T.);
#3416 = EDGE_CURVE('',#3407,#3417,#3419,.T.);
#3417 = VERTEX_POINT('',#3418);
#3418 = CARTESIAN_POINT('',(-0.6,0.2,0.4));
#3419 = LINE('',#3420,#3421);
#3420 = CARTESIAN_POINT('',(-0.6,0.1,0.4));
#3421 = VECTOR('',#3422,1.);
#3422 = DIRECTION('',(0.,1.,-2.22044604925E-16));
#3423 = ORIENTED_EDGE('',*,*,#3424,.T.);
#3424 = EDGE_CURVE('',#3417,#3425,#3427,.T.);
#3425 = VERTEX_POINT('',#3426);
#3426 = CARTESIAN_POINT('',(-8.485302861593E-02,0.2,0.4));
#3427 = LINE('',#3428,#3429);
#3428 = CARTESIAN_POINT('',(-0.554880514308,0.2,0.4));
#3429 = VECTOR('',#3430,1.);
#3430 = DIRECTION('',(1.,0.,0.));
#3431 = ORIENTED_EDGE('',*,*,#3432,.F.);
#3432 = EDGE_CURVE('',#3029,#3425,#3433,.T.);
#3433 = CIRCLE('',#3434,8.485302861593E-02);
#3434 = AXIS2_PLACEMENT_3D('',#3435,#3436,#3437);
#3435 = CARTESIAN_POINT('',(-8.485302861593E-02,0.284853028616,0.4));
#3436 = DIRECTION('',(0.,0.,-1.));
#3437 = DIRECTION('',(1.,0.,0.));
#3438 = ORIENTED_EDGE('',*,*,#3036,.F.);
#3439 = ORIENTED_EDGE('',*,*,#3392,.T.);
#3440 = ORIENTED_EDGE('',*,*,#3139,.T.);
#3441 = ORIENTED_EDGE('',*,*,#3442,.T.);
#3442 = EDGE_CURVE('',#3132,#3409,#3443,.T.);
#3443 = CIRCLE('',#3444,0.284853028616);
#3444 = AXIS2_PLACEMENT_3D('',#3445,#3446,#3447);
#3445 = CARTESIAN_POINT('',(-8.485302861593E-02,0.284853028616,0.4));
#3446 = DIRECTION('',(0.,0.,-1.));
#3447 = DIRECTION('',(1.,0.,0.));
#3448 = PLANE('',#3449);
#3449 = AXIS2_PLACEMENT_3D('',#3450,#3451,#3452);
#3450 = CARTESIAN_POINT('',(-1.024908,8.881784197001E-17,0.4));
#3451 = DIRECTION('',(0.,-2.22044604925E-16,-1.));
#3452 = DIRECTION('',(1.,0.,0.));
#3453 = ADVANCED_FACE('',(#3454),#3465,.F.);
#3454 = FACE_BOUND('',#3455,.T.);
#3455 = EDGE_LOOP('',(#3456,#3457,#3463,#3464));
#3456 = ORIENTED_EDGE('',*,*,#3216,.F.);
#3457 = ORIENTED_EDGE('',*,*,#3458,.T.);
#3458 = EDGE_CURVE('',#3217,#3425,#3459,.T.);
#3459 = LINE('',#3460,#3461);
#3460 = CARTESIAN_POINT('',(-8.485302861593E-02,0.2,0.));
#3461 = VECTOR('',#3462,1.);
#3462 = DIRECTION('',(0.,0.,1.));
#3463 = ORIENTED_EDGE('',*,*,#3432,.F.);
#3464 = ORIENTED_EDGE('',*,*,#3028,.F.);
#3465 = CYLINDRICAL_SURFACE('',#3466,8.485302861593E-02);
#3466 = AXIS2_PLACEMENT_3D('',#3467,#3468,#3469);
#3467 = CARTESIAN_POINT('',(-8.485302861593E-02,0.284853028616,0.));
#3468 = DIRECTION('',(-0.,-0.,-1.));
#3469 = DIRECTION('',(1.,0.,0.));
#3470 = ADVANCED_FACE('',(#3471),#3482,.T.);
#3471 = FACE_BOUND('',#3472,.F.);
#3472 = EDGE_LOOP('',(#3473,#3474,#3480,#3481));
#3473 = ORIENTED_EDGE('',*,*,#3351,.T.);
#3474 = ORIENTED_EDGE('',*,*,#3475,.T.);
#3475 = EDGE_CURVE('',#3342,#3293,#3476,.T.);
#3476 = LINE('',#3477,#3478);
#3477 = CARTESIAN_POINT('',(-8.485302861593E-02,0.,0.));
#3478 = VECTOR('',#3479,1.);
#3479 = DIRECTION('',(0.,0.,1.));
#3480 = ORIENTED_EDGE('',*,*,#3300,.T.);
#3481 = ORIENTED_EDGE('',*,*,#3163,.F.);
#3482 = CYLINDRICAL_SURFACE('',#3483,0.284853028616);
#3483 = AXIS2_PLACEMENT_3D('',#3484,#3485,#3486);
#3484 = CARTESIAN_POINT('',(-8.485302861593E-02,0.284853028616,0.));
#3485 = DIRECTION('',(-0.,-0.,-1.));
#3486 = DIRECTION('',(1.,0.,0.));
#3487 = ADVANCED_FACE('',(#3488),#3499,.T.);
#3488 = FACE_BOUND('',#3489,.F.);
#3489 = EDGE_LOOP('',(#3490,#3491,#3497,#3498));
#3490 = ORIENTED_EDGE('',*,*,#3249,.F.);
#3491 = ORIENTED_EDGE('',*,*,#3492,.T.);
#3492 = EDGE_CURVE('',#3242,#3409,#3493,.T.);
#3493 = LINE('',#3494,#3495);
#3494 = CARTESIAN_POINT('',(-8.485302861593E-02,0.,0.));
#3495 = VECTOR('',#3496,1.);
#3496 = DIRECTION('',(0.,0.,1.));
#3497 = ORIENTED_EDGE('',*,*,#3442,.F.);
#3498 = ORIENTED_EDGE('',*,*,#3131,.F.);
#3499 = CYLINDRICAL_SURFACE('',#3500,0.284853028616);
#3500 = AXIS2_PLACEMENT_3D('',#3501,#3502,#3503);
#3501 = CARTESIAN_POINT('',(-8.485302861593E-02,0.284853028616,0.));
#3502 = DIRECTION('',(-0.,-0.,-1.));
#3503 = DIRECTION('',(1.,0.,0.));
#3504 = ADVANCED_FACE('',(#3505),#3516,.F.);
#3505 = FACE_BOUND('',#3506,.F.);
#3506 = EDGE_LOOP('',(#3507,#3508,#3514,#3515));
#3507 = ORIENTED_EDGE('',*,*,#3241,.F.);
#3508 = ORIENTED_EDGE('',*,*,#3509,.T.);
#3509 = EDGE_CURVE('',#3234,#3407,#3510,.T.);
#3510 = LINE('',#3511,#3512);
#3511 = CARTESIAN_POINT('',(-0.6,0.,0.));
#3512 = VECTOR('',#3513,1.);
#3513 = DIRECTION('',(0.,0.,1.));
#3514 = ORIENTED_EDGE('',*,*,#3406,.T.);
#3515 = ORIENTED_EDGE('',*,*,#3492,.F.);
#3516 = PLANE('',#3517);
#3517 = AXIS2_PLACEMENT_3D('',#3518,#3519,#3520);
#3518 = CARTESIAN_POINT('',(-0.6,0.,0.));
#3519 = DIRECTION('',(0.,1.,0.));
#3520 = DIRECTION('',(1.,0.,0.));
#3521 = ADVANCED_FACE('',(#3522),#3533,.F.);
#3522 = FACE_BOUND('',#3523,.F.);
#3523 = EDGE_LOOP('',(#3524,#3525,#3531,#3532));
#3524 = ORIENTED_EDGE('',*,*,#3233,.F.);
#3525 = ORIENTED_EDGE('',*,*,#3526,.T.);
#3526 = EDGE_CURVE('',#3226,#3417,#3527,.T.);
#3527 = LINE('',#3528,#3529);
#3528 = CARTESIAN_POINT('',(-0.6,0.2,0.));
#3529 = VECTOR('',#3530,1.);
#3530 = DIRECTION('',(0.,0.,1.));
#3531 = ORIENTED_EDGE('',*,*,#3416,.F.);
#3532 = ORIENTED_EDGE('',*,*,#3509,.F.);
#3533 = PLANE('',#3534);
#3534 = AXIS2_PLACEMENT_3D('',#3535,#3536,#3537);
#3535 = CARTESIAN_POINT('',(-0.6,0.2,0.));
#3536 = DIRECTION('',(1.,0.,0.));
#3537 = DIRECTION('',(0.,-1.,0.));
#3538 = ADVANCED_FACE('',(#3539),#3545,.F.);
#3539 = FACE_BOUND('',#3540,.F.);
#3540 = EDGE_LOOP('',(#3541,#3542,#3543,#3544));
#3541 = ORIENTED_EDGE('',*,*,#3225,.F.);
#3542 = ORIENTED_EDGE('',*,*,#3458,.T.);
#3543 = ORIENTED_EDGE('',*,*,#3424,.F.);
#3544 = ORIENTED_EDGE('',*,*,#3526,.F.);
#3545 = PLANE('',#3546);
#3546 = AXIS2_PLACEMENT_3D('',#3547,#3548,#3549);
#3547 = CARTESIAN_POINT('',(-8.485302861593E-02,0.2,0.));
#3548 = DIRECTION('',(0.,-1.,0.));
#3549 = DIRECTION('',(-1.,0.,0.));
#3550 = ADVANCED_FACE('',(#3551),#3562,.F.);
#3551 = FACE_BOUND('',#3552,.F.);
#3552 = EDGE_LOOP('',(#3553,#3554,#3560,#3561));
#3553 = ORIENTED_EDGE('',*,*,#3341,.T.);
#3554 = ORIENTED_EDGE('',*,*,#3555,.T.);
#3555 = EDGE_CURVE('',#3344,#3285,#3556,.T.);
#3556 = LINE('',#3557,#3558);
#3557 = CARTESIAN_POINT('',(-0.6,0.,0.));
#3558 = VECTOR('',#3559,1.);
#3559 = DIRECTION('',(0.,0.,1.));
#3560 = ORIENTED_EDGE('',*,*,#3292,.T.);
#3561 = ORIENTED_EDGE('',*,*,#3475,.F.);
#3562 = PLANE('',#3563);
#3563 = AXIS2_PLACEMENT_3D('',#3564,#3565,#3566);
#3564 = CARTESIAN_POINT('',(-0.6,0.,0.));
#3565 = DIRECTION('',(0.,1.,0.));
#3566 = DIRECTION('',(1.,0.,0.));
#3567 = ADVANCED_FACE('',(#3568),#3579,.F.);
#3568 = FACE_BOUND('',#3569,.F.);
#3569 = EDGE_LOOP('',(#3570,#3571,#3577,#3578));
#3570 = ORIENTED_EDGE('',*,*,#3375,.F.);
#3571 = ORIENTED_EDGE('',*,*,#3572,.T.);
#3572 = EDGE_CURVE('',#3368,#3277,#3573,.T.);
#3573 = LINE('',#3574,#3575);
#3574 = CARTESIAN_POINT('',(-0.6,0.2,0.));
#3575 = VECTOR('',#3576,1.);
#3576 = DIRECTION('',(0.,0.,1.));
#3577 = ORIENTED_EDGE('',*,*,#3284,.T.);
#3578 = ORIENTED_EDGE('',*,*,#3555,.F.);
#3579 = PLANE('',#3580);
#3580 = AXIS2_PLACEMENT_3D('',#3581,#3582,#3583);
#3581 = CARTESIAN_POINT('',(-0.6,0.2,0.));
#3582 = DIRECTION('',(1.,0.,0.));
#3583 = DIRECTION('',(0.,-1.,0.));
#3584 = ADVANCED_FACE('',(#3585),#3591,.F.);
#3585 = FACE_BOUND('',#3586,.F.);
#3586 = EDGE_LOOP('',(#3587,#3588,#3589,#3590));
#3587 = ORIENTED_EDGE('',*,*,#3367,.F.);
#3588 = ORIENTED_EDGE('',*,*,#3325,.T.);
#3589 = ORIENTED_EDGE('',*,*,#3276,.T.);
#3590 = ORIENTED_EDGE('',*,*,#3572,.F.);
#3591 = PLANE('',#3592);
#3592 = AXIS2_PLACEMENT_3D('',#3593,#3594,#3595);
#3593 = CARTESIAN_POINT('',(-8.485302861593E-02,0.2,0.));
#3594 = DIRECTION('',(0.,-1.,0.));
#3595 = DIRECTION('',(-1.,0.,0.));
#3596 = ( GEOMETRIC_REPRESENTATION_CONTEXT(3) 
GLOBAL_UNCERTAINTY_ASSIGNED_CONTEXT((#3600)) 
GLOBAL_UNIT_ASSIGNED_CONTEXT((#3597,#3598,#3599)) REPRESENTATION_CONTEXT
('Context #1','3D Context with UNIT and UNCERTAINTY') );
#3597 = ( LENGTH_UNIT() NAMED_UNIT(*) SI_UNIT(.MILLI.,.METRE.) );
#3598 = ( NAMED_UNIT(*) PLANE_ANGLE_UNIT() SI_UNIT($,.RADIAN.) );
#3599 = ( NAMED_UNIT(*) SI_UNIT($,.STERADIAN.) SOLID_ANGLE_UNIT() );
#3600 = UNCERTAINTY_MEASURE_WITH_UNIT(LENGTH_MEASURE(2.E-06),#3597,
  'distance_accuracy_value','confusion accuracy');
#3601 = CONTEXT_DEPENDENT_SHAPE_REPRESENTATION(#3602,#3604);
#3602 = ( REPRESENTATION_RELATIONSHIP('','',#1837,#10) 
REPRESENTATION_RELATIONSHIP_WITH_TRANSFORMATION(#3603) 
SHAPE_REPRESENTATION_RELATIONSHIP() );
#3603 = ITEM_DEFINED_TRANSFORMATION('','',#11,#35);
#3604 = PRODUCT_DEFINITION_SHAPE('Placement','Placement of an item',
  #3605);
#3605 = NEXT_ASSEMBLY_USAGE_OCCURRENCE('24','Shield','',#5,#1832,$);
#3606 = PRODUCT_RELATED_PRODUCT_CATEGORY('part',$,(#1834));
#3607 = MECHANICAL_DESIGN_GEOMETRIC_PRESENTATION_REPRESENTATION('',(
    #3608),#1819);
#3608 = STYLED_ITEM('color',(#3609),#861);
#3609 = PRESENTATION_STYLE_ASSIGNMENT((#3610,#3616));
#3610 = SURFACE_STYLE_USAGE(.BOTH.,#3611);
#3611 = SURFACE_SIDE_STYLE('',(#3612));
#3612 = SURFACE_STYLE_FILL_AREA(#3613);
#3613 = FILL_AREA_STYLE('',(#3614));
#3614 = FILL_AREA_STYLE_COLOUR('',#3615);
#3615 = DRAUGHTING_PRE_DEFINED_COLOUR('black');
#3616 = CURVE_STYLE('',#3617,POSITIVE_LENGTH_MEASURE(0.1),#3618);
#3617 = DRAUGHTING_PRE_DEFINED_CURVE_FONT('continuous');
#3618 = COLOUR_RGB('',9.803921802644E-02,9.803921802644E-02,
  9.803921802644E-02);
#3619 = MECHANICAL_DESIGN_GEOMETRIC_PRESENTATION_REPRESENTATION('',(
    #3620),#3596);
#3620 = STYLED_ITEM('color',(#3621),#1838);
#3621 = PRESENTATION_STYLE_ASSIGNMENT((#3622,#3628));
#3622 = SURFACE_STYLE_USAGE(.BOTH.,#3623);
#3623 = SURFACE_SIDE_STYLE('',(#3624));
#3624 = SURFACE_STYLE_FILL_AREA(#3625);
#3625 = FILL_AREA_STYLE('',(#3626));
#3626 = FILL_AREA_STYLE_COLOUR('',#3627);
#3627 = COLOUR_RGB('',0.341176475329,0.372549032623,0.380392165758);
#3628 = CURVE_STYLE('',#3629,POSITIVE_LENGTH_MEASURE(0.1),#3618);
#3629 = DRAUGHTING_PRE_DEFINED_CURVE_FONT('continuous');
#3630 = MECHANICAL_DESIGN_GEOMETRIC_PRESENTATION_REPRESENTATION('',(
    #3631),#607);
#3631 = STYLED_ITEM('color',(#3632),#457);
#3632 = PRESENTATION_STYLE_ASSIGNMENT((#3633,#3638));
#3633 = SURFACE_STYLE_USAGE(.BOTH.,#3634);
#3634 = SURFACE_SIDE_STYLE('',(#3635));
#3635 = SURFACE_STYLE_FILL_AREA(#3636);
#3636 = FILL_AREA_STYLE('',(#3637));
#3637 = FILL_AREA_STYLE_COLOUR('',#3627);
#3638 = CURVE_STYLE('',#3639,POSITIVE_LENGTH_MEASURE(0.1),#3618);
#3639 = DRAUGHTING_PRE_DEFINED_CURVE_FONT('continuous');
#3640 = MECHANICAL_DESIGN_GEOMETRIC_PRESENTATION_REPRESENTATION('',(
    #3641),#203);
#3641 = STYLED_ITEM('color',(#3642),#53);
#3642 = PRESENTATION_STYLE_ASSIGNMENT((#3643,#3648));
#3643 = SURFACE_STYLE_USAGE(.BOTH.,#3644);
#3644 = SURFACE_SIDE_STYLE('',(#3645));
#3645 = SURFACE_STYLE_FILL_AREA(#3646);
#3646 = FILL_AREA_STYLE('',(#3647));
#3647 = FILL_AREA_STYLE_COLOUR('',#3627);
#3648 = CURVE_STYLE('',#3649,POSITIVE_LENGTH_MEASURE(0.1),#3618);
#3649 = DRAUGHTING_PRE_DEFINED_CURVE_FONT('continuous');
#3650 = MECHANICAL_DESIGN_GEOMETRIC_PRESENTATION_REPRESENTATION('',(
    #3651),#842);
#3651 = STYLED_ITEM('color',(#3652),#626);
#3652 = PRESENTATION_STYLE_ASSIGNMENT((#3653,#3658));
#3653 = SURFACE_STYLE_USAGE(.BOTH.,#3654);
#3654 = SURFACE_SIDE_STYLE('',(#3655));
#3655 = SURFACE_STYLE_FILL_AREA(#3656);
#3656 = FILL_AREA_STYLE('',(#3657));
#3657 = FILL_AREA_STYLE_COLOUR('',#3627);
#3658 = CURVE_STYLE('',#3659,POSITIVE_LENGTH_MEASURE(0.1),#3618);
#3659 = DRAUGHTING_PRE_DEFINED_CURVE_FONT('continuous');
#3660 = MECHANICAL_DESIGN_GEOMETRIC_PRESENTATION_REPRESENTATION('',(
    #3661),#438);
#3661 = STYLED_ITEM('color',(#3662),#222);
#3662 = PRESENTATION_STYLE_ASSIGNMENT((#3663,#3669));
#3663 = SURFACE_STYLE_USAGE(.BOTH.,#3664);
#3664 = SURFACE_SIDE_STYLE('',(#3665));
#3665 = SURFACE_STYLE_FILL_AREA(#3666);
#3666 = FILL_AREA_STYLE('',(#3667));
#3667 = FILL_AREA_STYLE_COLOUR('',#3668);
#3668 = DRAUGHTING_PRE_DEFINED_COLOUR('white');
#3669 = CURVE_STYLE('',#3670,POSITIVE_LENGTH_MEASURE(0.1),#3618);
#3670 = DRAUGHTING_PRE_DEFINED_CURVE_FONT('continuous');
ENDSEC;
END-ISO-10303-21;
